L,T,epsilon,m_abs,Cv,chi,sample
40,2.11,-1.6533905,0.86436705,0.0006081324567,0.0006389425204,4
40,2.11,-1.6533905,0.86436705,0.0006081324567,0.0006389425204,2
40,2.11,-1.6533905,0.86436705,0.0006081324567,0.0006389425204,0
40,2.11,-1.6533905,0.86436705,0.0006081324567,0.0006389425204,3
40,2.1,-1.66327035,0.870332425,0.0005926321002,0.0005348114851,2
40,2.1,-1.66327035,0.870332425,0.0005926321002,0.0005348114851,3
40,2.1,-1.66327035,0.870332425,0.0005926321002,0.0005348114851,0
40,2.11,-1.6533905,0.86436705,0.0006081324567,0.0006389425204,1
40,2.1,-1.66327035,0.870332425,0.0005926321002,0.0005348114851,4
40,2.1,-1.66327035,0.870332425,0.0005926321002,0.0005348114851,1
40,2.12,-1.643021375,0.8584493,0.0006229487765,0.0006470224285,0
40,2.12,-1.643021375,0.8584493,0.0006229487765,0.0006470224285,1
40,2.12,-1.643021375,0.8584493,0.0006229487765,0.0006470224285,2
40,2.12,-1.643021375,0.8584493,0.0006229487765,0.0006470224285,4
40,2.12,-1.643021375,0.8584493,0.0006229487765,0.0006470224285,3
40,2.13,-1.631347775,0.8496565875,0.0006633210322,0.0009243975891,0
40,2.13,-1.631347775,0.8496565875,0.0006633210322,0.0009243975891,2
40,2.13,-1.631347775,0.8496565875,0.0006633210322,0.0009243975891,3
40,2.13,-1.631347775,0.8496565875,0.0006633210322,0.0009243975891,1
40,2.13,-1.631347775,0.8496565875,0.0006633210322,0.0009243975891,4
40,2.14,-1.62074615,0.8433694,0.0006865634304,0.0009090223949,1
40,2.14,-1.62074615,0.8433694,0.0006865634304,0.0009090223949,0
40,2.14,-1.62074615,0.8433694,0.0006865634304,0.0009090223949,3
40,2.14,-1.62074615,0.8433694,0.0006865634304,0.0009090223949,2
40,2.14,-1.62074615,0.8433694,0.0006865634304,0.0009090223949,4
40,2.15,-1.609142925,0.8347205,0.0007261500239,0.001181004043,2
40,2.15,-1.609142925,0.8347205,0.0007261500239,0.001181004043,1
40,2.15,-1.609142925,0.8347205,0.0007261500239,0.001181004043,0
40,2.15,-1.609142925,0.8347205,0.0007261500239,0.001181004043,3
40,2.15,-1.609142925,0.8347205,0.0007261500239,0.001181004043,4
40,2.16,-1.597781375,0.8273644,0.0007438451145,0.001289228944,0
40,2.16,-1.597781375,0.8273644,0.0007438451145,0.001289228944,1
40,2.16,-1.597781375,0.8273644,0.0007438451145,0.001289228944,4
40,2.16,-1.597781375,0.8273644,0.0007438451145,0.001289228944,2
40,2.16,-1.597781375,0.8273644,0.0007438451145,0.001289228944,3
40,2.17,-1.585015875,0.8171520125,0.0007705634141,0.001541685217,1
40,2.17,-1.585015875,0.8171520125,0.0007705634141,0.001541685217,0
40,2.17,-1.585015875,0.8171520125,0.0007705634141,0.001541685217,2
40,2.17,-1.585015875,0.8171520125,0.0007705634141,0.001541685217,3
40,2.17,-1.585015875,0.8171520125,0.0007705634141,0.001541685217,4
40,2.18,-1.571667425,0.80585905,0.0008271376056,0.002067279631,0
40,2.18,-1.571667425,0.80585905,0.0008271376056,0.002067279631,3
40,2.18,-1.571667425,0.80585905,0.0008271376056,0.002067279631,2
40,2.18,-1.571667425,0.80585905,0.0008271376056,0.002067279631,1
40,2.18,-1.571667425,0.80585905,0.0008271376056,0.002067279631,4
40,2.19,-1.55689205,0.791430275,0.0008840700563,0.002801750685,0
40,2.19,-1.55689205,0.791430275,0.0008840700563,0.002801750685,2
40,2.19,-1.55689205,0.791430275,0.0008840700563,0.002801750685,3
40,2.19,-1.55689205,0.791430275,0.0008840700563,0.002801750685,1
40,2.19,-1.55689205,0.791430275,0.0008840700563,0.002801750685,4
40,2.2,-1.545408425,0.783885375,0.0008992522473,0.002826951499,0
40,2.2,-1.545408425,0.783885375,0.0008992522473,0.002826951499,1
40,2.2,-1.545408425,0.783885375,0.0008992522473,0.002826951499,2
40,2.2,-1.545408425,0.783885375,0.0008992522473,0.002826951499,3
40,2.2,-1.545408425,0.783885375,0.0008992522473,0.002826951499,4
40,2.21,-1.530651325,0.7695313125,0.0009060185784,0.003094364453,2
40,2.21,-1.530651325,0.7695313125,0.0009060185784,0.003094364453,0
40,2.21,-1.530651325,0.7695313125,0.0009060185784,0.003094364453,1
40,2.21,-1.530651325,0.7695313125,0.0009060185784,0.003094364453,3
40,2.21,-1.530651325,0.7695313125,0.0009060185784,0.003094364453,4
40,2.22,-1.51283765,0.744245875,0.001021186109,0.006198712366,0
40,2.22,-1.51283765,0.744245875,0.001021186109,0.006198712366,1
40,2.22,-1.51283765,0.744245875,0.001021186109,0.006198712366,3
40,2.22,-1.51283765,0.744245875,0.001021186109,0.006198712366,4
40,2.22,-1.51283765,0.744245875,0.001021186109,0.006198712366,2
40,2.23,-1.501936825,0.7426241,0.0009646837402,0.003925599008,1
40,2.23,-1.501936825,0.7426241,0.0009646837402,0.003925599008,0
40,2.23,-1.501936825,0.7426241,0.0009646837402,0.003925599008,2
40,2.23,-1.501936825,0.7426241,0.0009646837402,0.003925599008,3
40,2.23,-1.501936825,0.7426241,0.0009646837402,0.003925599008,4
40,2.24,-1.482450375,0.7095658625,0.001085585185,0.008037862127,0
40,2.24,-1.482450375,0.7095658625,0.001085585185,0.008037862127,2
40,2.24,-1.482450375,0.7095658625,0.001085585185,0.008037862127,1
40,2.24,-1.482450375,0.7095658625,0.001085585185,0.008037862127,3
40,2.24,-1.482450375,0.7095658625,0.001085585185,0.008037862127,4
40,2.24,-1.482450375,0.7095658625,0.001085585185,0.008037862127,0
40,2.24,-1.482450375,0.7095658625,0.001085585185,0.008037862127,1
40,2.24,-1.482450375,0.7095658625,0.001085585185,0.008037862127,2
40,2.24,-1.482450375,0.7095658625,0.001085585185,0.008037862127,4
40,2.24,-1.482450375,0.7095658625,0.001085585185,0.008037862127,3
40,2.242068966,-1.477255575,0.7015882625,0.001106661173,0.008465870689,0
40,2.242068966,-1.477255575,0.7015882625,0.001106661173,0.008465870689,1
40,2.242068966,-1.477255575,0.7015882625,0.001106661173,0.008465870689,2
40,2.242068966,-1.477255575,0.7015882625,0.001106661173,0.008465870689,4
40,2.242068966,-1.477255575,0.7015882625,0.001106661173,0.008465870689,3
40,2.244137931,-1.47113835,0.6878299,0.001172588805,0.01077377277,1
40,2.244137931,-1.47113835,0.6878299,0.001172588805,0.01077377277,0
40,2.244137931,-1.47113835,0.6878299,0.001172588805,0.01077377277,2
40,2.244137931,-1.47113835,0.6878299,0.001172588805,0.01077377277,3
40,2.244137931,-1.47113835,0.6878299,0.001172588805,0.01077377277,4
40,2.246206897,-1.466128325,0.6795292375,0.001146034757,0.01085283498,0
40,2.246206897,-1.466128325,0.6795292375,0.001146034757,0.01085283498,4
40,2.246206897,-1.466128325,0.6795292375,0.001146034757,0.01085283498,1
40,2.246206897,-1.466128325,0.6795292375,0.001146034757,0.01085283498,2
40,2.246206897,-1.466128325,0.6795292375,0.001146034757,0.01085283498,3
40,2.248275862,-1.46939925,0.6963683875,0.001111890277,0.008729267941,0
40,2.248275862,-1.46939925,0.6963683875,0.001111890277,0.008729267941,2
40,2.248275862,-1.46939925,0.6963683875,0.001111890277,0.008729267941,1
40,2.248275862,-1.46939925,0.6963683875,0.001111890277,0.008729267941,4
40,2.248275862,-1.46939925,0.6963683875,0.001111890277,0.008729267941,3
40,2.250344828,-1.46586365,0.687998275,0.001105911834,0.01004451528,0
40,2.250344828,-1.46586365,0.687998275,0.001105911834,0.01004451528,1
40,2.250344828,-1.46586365,0.687998275,0.001105911834,0.01004451528,2
40,2.250344828,-1.46586365,0.687998275,0.001105911834,0.01004451528,3
40,2.250344828,-1.46586365,0.687998275,0.001105911834,0.01004451528,4
40,2.252413793,-1.4571134,0.67183455,0.001169870767,0.01066983419,0
40,2.252413793,-1.4571134,0.67183455,0.001169870767,0.01066983419,1
40,2.252413793,-1.4571134,0.67183455,0.001169870767,0.01066983419,2
40,2.252413793,-1.4571134,0.67183455,0.001169870767,0.01066983419,4
40,2.252413793,-1.4571134,0.67183455,0.001169870767,0.01066983419,3
40,2.254482759,-1.459885525,0.68689305,0.001124452605,0.009116765005,0
40,2.254482759,-1.459885525,0.68689305,0.001124452605,0.009116765005,1
40,2.254482759,-1.459885525,0.68689305,0.001124452605,0.009116765005,4
40,2.254482759,-1.459885525,0.68689305,0.001124452605,0.009116765005,3
40,2.254482759,-1.459885525,0.68689305,0.001124452605,0.009116765005,2
40,2.256551724,-1.454279325,0.67904105,0.001125715343,0.008801893677,0
40,2.256551724,-1.454279325,0.67904105,0.001125715343,0.008801893677,1
40,2.256551724,-1.454279325,0.67904105,0.001125715343,0.008801893677,2
40,2.256551724,-1.454279325,0.67904105,0.001125715343,0.008801893677,3
40,2.256551724,-1.454279325,0.67904105,0.001125715343,0.008801893677,4
40,2.25862069,-1.4479721,0.658404225,0.001199393465,0.01285589693,0
40,2.25862069,-1.4479721,0.658404225,0.001199393465,0.01285589693,1
40,2.25862069,-1.4479721,0.658404225,0.001199393465,0.01285589693,2
40,2.25862069,-1.4479721,0.658404225,0.001199393465,0.01285589693,4
40,2.25862069,-1.4479721,0.658404225,0.001199393465,0.01285589693,3
40,2.260689655,-1.44745535,0.6676482625,0.001142313801,0.009689375534,0
40,2.260689655,-1.44745535,0.6676482625,0.001142313801,0.009689375534,1
40,2.260689655,-1.44745535,0.6676482625,0.001142313801,0.009689375534,2
40,2.260689655,-1.44745535,0.6676482625,0.001142313801,0.009689375534,3
40,2.260689655,-1.44745535,0.6676482625,0.001142313801,0.009689375534,4
40,2.262758621,-1.43972275,0.649141225,0.001227952486,0.01184251185,0
40,2.262758621,-1.43972275,0.649141225,0.001227952486,0.01184251185,1
40,2.262758621,-1.43972275,0.649141225,0.001227952486,0.01184251185,2
40,2.262758621,-1.43972275,0.649141225,0.001227952486,0.01184251185,4
40,2.262758621,-1.43972275,0.649141225,0.001227952486,0.01184251185,3
40,2.264827586,-1.435618725,0.6410870125,0.001217186648,0.01304379704,0
40,2.264827586,-1.435618725,0.6410870125,0.001217186648,0.01304379704,1
40,2.264827586,-1.435618725,0.6410870125,0.001217186648,0.01304379704,2
40,2.264827586,-1.435618725,0.6410870125,0.001217186648,0.01304379704,3
40,2.264827586,-1.435618725,0.6410870125,0.001217186648,0.01304379704,4
40,2.266896552,-1.439348475,0.6673119125,0.001107128359,0.007870188237,0
40,2.266896552,-1.439348475,0.6673119125,0.001107128359,0.007870188237,1
40,2.266896552,-1.439348475,0.6673119125,0.001107128359,0.007870188237,2
40,2.266896552,-1.439348475,0.6673119125,0.001107128359,0.007870188237,3
40,2.266896552,-1.439348475,0.6673119125,0.001107128359,0.007870188237,4
40,2.268965517,-1.43553915,0.6534798,0.001156308,0.01128289009,0
40,2.268965517,-1.43553915,0.6534798,0.001156308,0.01128289009,1
40,2.268965517,-1.43553915,0.6534798,0.001156308,0.01128289009,2
40,2.268965517,-1.43553915,0.6534798,0.001156308,0.01128289009,3
40,2.268965517,-1.43553915,0.6534798,0.001156308,0.01128289009,4
40,2.271034483,-1.4346822,0.663266625,0.001098683907,0.007834480408,0
40,2.271034483,-1.4346822,0.663266625,0.001098683907,0.007834480408,1
40,2.271034483,-1.4346822,0.663266625,0.001098683907,0.007834480408,2
40,2.271034483,-1.4346822,0.663266625,0.001098683907,0.007834480408,3
40,2.271034483,-1.4346822,0.663266625,0.001098683907,0.007834480408,4
40,2.273103448,-1.416760525,0.6068353,0.001271081507,0.01520890578,0
40,2.273103448,-1.416760525,0.6068353,0.001271081507,0.01520890578,1
40,2.273103448,-1.416760525,0.6068353,0.001271081507,0.01520890578,2
40,2.273103448,-1.416760525,0.6068353,0.001271081507,0.01520890578,4
40,2.273103448,-1.416760525,0.6068353,0.001271081507,0.01520890578,3
40,2.275172414,-1.42472885,0.637686725,0.001184454319,0.01222005308,0
40,2.275172414,-1.42472885,0.637686725,0.001184454319,0.01222005308,1
40,2.275172414,-1.42472885,0.637686725,0.001184454319,0.01222005308,3
40,2.275172414,-1.42472885,0.637686725,0.001184454319,0.01222005308,2
40,2.275172414,-1.42472885,0.637686725,0.001184454319,0.01222005308,4
40,2.277241379,-1.40865225,0.59181895,0.001282873041,0.01682299965,0
40,2.277241379,-1.40865225,0.59181895,0.001282873041,0.01682299965,1
40,2.277241379,-1.40865225,0.59181895,0.001282873041,0.01682299965,2
40,2.277241379,-1.40865225,0.59181895,0.001282873041,0.01682299965,3
40,2.277241379,-1.40865225,0.59181895,0.001282873041,0.01682299965,4
40,2.279310345,-1.41163285,0.6125528,0.001226809778,0.01353885558,0
40,2.279310345,-1.41163285,0.6125528,0.001226809778,0.01353885558,1
40,2.279310345,-1.41163285,0.6125528,0.001226809778,0.01353885558,3
40,2.279310345,-1.41163285,0.6125528,0.001226809778,0.01353885558,2
40,2.279310345,-1.41163285,0.6125528,0.001226809778,0.01353885558,4
40,2.28137931,-1.411029925,0.6148162,0.001226296313,0.01365354146,0
40,2.28137931,-1.411029925,0.6148162,0.001226296313,0.01365354146,1
40,2.28137931,-1.411029925,0.6148162,0.001226296313,0.01365354146,3
40,2.28137931,-1.411029925,0.6148162,0.001226296313,0.01365354146,4
40,2.28137931,-1.411029925,0.6148162,0.001226296313,0.01365354146,2
40,2.283448276,-1.401363075,0.5908454125,0.001245927643,0.01537574494,0
40,2.283448276,-1.401363075,0.5908454125,0.001245927643,0.01537574494,1
40,2.283448276,-1.401363075,0.5908454125,0.001245927643,0.01537574494,3
40,2.283448276,-1.401363075,0.5908454125,0.001245927643,0.01537574494,2
40,2.283448276,-1.401363075,0.5908454125,0.001245927643,0.01537574494,4
40,2.285517241,-1.396260775,0.5732383,0.00124762614,0.01769518619,0
40,2.285517241,-1.396260775,0.5732383,0.00124762614,0.01769518619,1
40,2.285517241,-1.396260775,0.5732383,0.00124762614,0.01769518619,2
40,2.285517241,-1.396260775,0.5732383,0.00124762614,0.01769518619,3
40,2.285517241,-1.396260775,0.5732383,0.00124762614,0.01769518619,4
40,2.287586207,-1.39001885,0.5664313125,0.00124414184,0.01584609047,0
40,2.287586207,-1.39001885,0.5664313125,0.00124414184,0.01584609047,1
40,2.287586207,-1.39001885,0.5664313125,0.00124414184,0.01584609047,2
40,2.287586207,-1.39001885,0.5664313125,0.00124414184,0.01584609047,3
40,2.287586207,-1.39001885,0.5664313125,0.00124414184,0.01584609047,4
40,2.289655172,-1.387134375,0.5675463625,0.001231740606,0.0151648601,0
40,2.289655172,-1.387134375,0.5675463625,0.001231740606,0.0151648601,1
40,2.289655172,-1.387134375,0.5675463625,0.001231740606,0.0151648601,3
40,2.289655172,-1.387134375,0.5675463625,0.001231740606,0.0151648601,4
40,2.289655172,-1.387134375,0.5675463625,0.001231740606,0.0151648601,2
40,2.291724138,-1.3815056,0.5419709375,0.001322833858,0.02008405315,0
40,2.291724138,-1.3815056,0.5419709375,0.001322833858,0.02008405315,1
40,2.291724138,-1.3815056,0.5419709375,0.001322833858,0.02008405315,2
40,2.291724138,-1.3815056,0.5419709375,0.001322833858,0.02008405315,3
40,2.291724138,-1.3815056,0.5419709375,0.001322833858,0.02008405315,4
40,2.293793103,-1.37987235,0.5454233875,0.001266529991,0.01882655401,0
40,2.293793103,-1.37987235,0.5454233875,0.001266529991,0.01882655401,1
40,2.293793103,-1.37987235,0.5454233875,0.001266529991,0.01882655401,2
40,2.293793103,-1.37987235,0.5454233875,0.001266529991,0.01882655401,3
40,2.293793103,-1.37987235,0.5454233875,0.001266529991,0.01882655401,4
40,2.295862069,-1.3818065,0.5673547375,0.00121894666,0.01514575646,0
40,2.295862069,-1.3818065,0.5673547375,0.00121894666,0.01514575646,1
40,2.295862069,-1.3818065,0.5673547375,0.00121894666,0.01514575646,2
40,2.295862069,-1.3818065,0.5673547375,0.00121894666,0.01514575646,3
40,2.295862069,-1.3818065,0.5673547375,0.00121894666,0.01514575646,4
40,2.297931034,-1.372204775,0.53726825,0.001260565949,0.01812156039,0
40,2.297931034,-1.372204775,0.53726825,0.001260565949,0.01812156039,1
40,2.297931034,-1.372204775,0.53726825,0.001260565949,0.01812156039,2
40,2.297931034,-1.372204775,0.53726825,0.001260565949,0.01812156039,3
40,2.297931034,-1.372204775,0.53726825,0.001260565949,0.01812156039,4
40,2.3,-1.367749275,0.5296374625,0.001224943086,0.01776494551,0
40,2.3,-1.367749275,0.5296374625,0.001224943086,0.01776494551,1
40,2.3,-1.367749275,0.5296374625,0.001224943086,0.01776494551,2
40,2.3,-1.367749275,0.5296374625,0.001224943086,0.01776494551,3
40,2.3,-1.367749275,0.5296374625,0.001224943086,0.01776494551,4
40,2.3,-1.367749275,0.5296374625,0.001224943086,0.01776494551,0
40,2.3,-1.367749275,0.5296374625,0.001224943086,0.01776494551,1
40,2.3,-1.367749275,0.5296374625,0.001224943086,0.01776494551,2
40,2.3,-1.367749275,0.5296374625,0.001224943086,0.01776494551,3
40,2.3,-1.367749275,0.5296374625,0.001224943086,0.01776494551,4
40,2.307142857,-1.353018,0.4959020125,0.00123910184,0.01990320941,0
40,2.307142857,-1.353018,0.4959020125,0.00123910184,0.01990320941,1
40,2.307142857,-1.353018,0.4959020125,0.00123910184,0.01990320941,3
40,2.307142857,-1.353018,0.4959020125,0.00123910184,0.01990320941,2
40,2.307142857,-1.353018,0.4959020125,0.00123910184,0.01990320941,4
40,2.314285714,-1.335670375,0.4612727875,0.001197935344,0.01997794551,0
40,2.314285714,-1.335670375,0.4612727875,0.001197935344,0.01997794551,1
40,2.314285714,-1.335670375,0.4612727875,0.001197935344,0.01997794551,2
40,2.314285714,-1.335670375,0.4612727875,0.001197935344,0.01997794551,3
40,2.314285714,-1.335670375,0.4612727875,0.001197935344,0.01997794551,4
40,2.321428571,-1.3243338,0.44551475,0.001163314774,0.01951799518,0
40,2.321428571,-1.3243338,0.44551475,0.001163314774,0.01951799518,1
40,2.321428571,-1.3243338,0.44551475,0.001163314774,0.01951799518,2
40,2.321428571,-1.3243338,0.44551475,0.001163314774,0.01951799518,3
40,2.321428571,-1.3243338,0.44551475,0.001163314774,0.01951799518,4
40,2.328571429,-1.3150735,0.4371051625,0.001137299834,0.01881500788,0
40,2.328571429,-1.3150735,0.4371051625,0.001137299834,0.01881500788,1
40,2.328571429,-1.3150735,0.4371051625,0.001137299834,0.01881500788,2
40,2.328571429,-1.3150735,0.4371051625,0.001137299834,0.01881500788,3
40,2.328571429,-1.3150735,0.4371051625,0.001137299834,0.01881500788,4
40,2.335714286,-1.298599875,0.3940386625,0.001039753011,0.01855594539,0
40,2.335714286,-1.298599875,0.3940386625,0.001039753011,0.01855594539,1
40,2.335714286,-1.298599875,0.3940386625,0.001039753011,0.01855594539,2
40,2.335714286,-1.298599875,0.3940386625,0.001039753011,0.01855594539,3
40,2.335714286,-1.298599875,0.3940386625,0.001039753011,0.01855594539,4
40,2.342857143,-1.28565825,0.3765563,0.001044687106,0.01737779045,0
40,2.342857143,-1.28565825,0.3765563,0.001044687106,0.01737779045,1
40,2.342857143,-1.28565825,0.3765563,0.001044687106,0.01737779045,2
40,2.342857143,-1.28565825,0.3765563,0.001044687106,0.01737779045,3
40,2.342857143,-1.28565825,0.3765563,0.001044687106,0.01737779045,4
40,2.35,-1.2774969,0.3679639875,0.0009940996587,0.01733951195,0
40,2.35,-1.2774969,0.3679639875,0.0009940996587,0.01733951195,1
40,2.35,-1.2774969,0.3679639875,0.0009940996587,0.01733951195,2
40,2.35,-1.2774969,0.3679639875,0.0009940996587,0.01733951195,3
40,2.35,-1.2774969,0.3679639875,0.0009940996587,0.01733951195,4
40,2.357142857,-1.2622868,0.326799325,0.0009319904922,0.01649876091,0
40,2.357142857,-1.2622868,0.326799325,0.0009319904922,0.01649876091,1
40,2.357142857,-1.2622868,0.326799325,0.0009319904922,0.01649876091,2
40,2.357142857,-1.2622868,0.326799325,0.0009319904922,0.01649876091,3
40,2.357142857,-1.2622868,0.326799325,0.0009319904922,0.01649876091,4
40,2.364285714,-1.251795775,0.3114934875,0.0008608286474,0.01445604895,0
40,2.364285714,-1.251795775,0.3114934875,0.0008608286474,0.01445604895,1
40,2.364285714,-1.251795775,0.3114934875,0.0008608286474,0.01445604895,2
40,2.364285714,-1.251795775,0.3114934875,0.0008608286474,0.01445604895,3
40,2.364285714,-1.251795775,0.3114934875,0.0008608286474,0.01445604895,4
40,2.371428571,-1.24627485,0.318579325,0.00088693212,0.01506979471,0
40,2.371428571,-1.24627485,0.318579325,0.00088693212,0.01506979471,1
40,2.371428571,-1.24627485,0.318579325,0.00088693212,0.01506979471,2
40,2.371428571,-1.24627485,0.318579325,0.00088693212,0.01506979471,4
40,2.371428571,-1.24627485,0.318579325,0.00088693212,0.01506979471,3
40,2.378571429,-1.234614025,0.2907693,0.0008199261679,0.01358362753,0
40,2.378571429,-1.234614025,0.2907693,0.0008199261679,0.01358362753,1
40,2.378571429,-1.234614025,0.2907693,0.0008199261679,0.01358362753,2
40,2.378571429,-1.234614025,0.2907693,0.0008199261679,0.01358362753,3
40,2.378571429,-1.234614025,0.2907693,0.0008199261679,0.01358362753,4
40,2.385714286,-1.22254165,0.2663348,0.0007899800311,0.01277938663,0
40,2.385714286,-1.22254165,0.2663348,0.0007899800311,0.01277938663,1
40,2.385714286,-1.22254165,0.2663348,0.0007899800311,0.01277938663,3
40,2.385714286,-1.22254165,0.2663348,0.0007899800311,0.01277938663,2
40,2.385714286,-1.22254165,0.2663348,0.0007899800311,0.01277938663,4
40,2.392857143,-1.215983925,0.2655278625,0.0007694153914,0.01253163599,0
40,2.392857143,-1.215983925,0.2655278625,0.0007694153914,0.01253163599,1
40,2.392857143,-1.215983925,0.2655278625,0.0007694153914,0.01253163599,2
40,2.392857143,-1.215983925,0.2655278625,0.0007694153914,0.01253163599,3
40,2.392857143,-1.215983925,0.2655278625,0.0007694153914,0.01253163599,4
40,2.4,-1.2072207,0.2591886,0.0007514006713,0.01152689939,0
40,2.4,-1.2072207,0.2591886,0.0007514006713,0.01152689939,1
40,2.4,-1.2072207,0.2591886,0.0007514006713,0.01152689939,3
40,2.4,-1.2072207,0.2591886,0.0007514006713,0.01152689939,4
40,2.4,-1.2072207,0.2591886,0.0007514006713,0.01152689939,2
60,2.1,-1.662049967,0.8688817111,0.000264909867,0.0002490349108,2
60,2.11,-1.652054444,0.8629528611,0.0002734992195,0.000284270919,4
60,2.11,-1.652054444,0.8629528611,0.0002734992195,0.000284270919,3
60,2.1,-1.662049967,0.8688817111,0.000264909867,0.0002490349108,0
60,2.1,-1.662049967,0.8688817111,0.000264909867,0.0002490349108,3
60,2.1,-1.662049967,0.8688817111,0.000264909867,0.0002490349108,4
60,2.1,-1.662049967,0.8688817111,0.000264909867,0.0002490349108,1
60,2.11,-1.652054444,0.8629528611,0.0002734992195,0.000284270919,1
60,2.11,-1.652054444,0.8629528611,0.0002734992195,0.000284270919,0
60,2.11,-1.652054444,0.8629528611,0.0002734992195,0.000284270919,2
60,2.12,-1.641982189,0.8566834722,0.0002835704188,0.0003399277596,0
60,2.12,-1.641982189,0.8566834722,0.0002835704188,0.0003399277596,3
60,2.12,-1.641982189,0.8566834722,0.0002835704188,0.0003399277596,1
60,2.12,-1.641982189,0.8566834722,0.0002835704188,0.0003399277596,2
60,2.12,-1.641982189,0.8566834722,0.0002835704188,0.0003399277596,4
60,2.13,-1.631082033,0.8497671833,0.0002983390315,0.0003984109764,1
60,2.13,-1.631082033,0.8497671833,0.0002983390315,0.0003984109764,0
60,2.13,-1.631082033,0.8497671833,0.0002983390315,0.0003984109764,2
60,2.13,-1.631082033,0.8497671833,0.0002983390315,0.0003984109764,3
60,2.13,-1.631082033,0.8497671833,0.0002983390315,0.0003984109764,4
60,2.14,-1.619882967,0.8419145667,0.0003095370385,0.0004549706571,1
60,2.14,-1.619882967,0.8419145667,0.0003095370385,0.0004549706571,0
60,2.14,-1.619882967,0.8419145667,0.0003095370385,0.0004549706571,2
60,2.14,-1.619882967,0.8419145667,0.0003095370385,0.0004549706571,3
60,2.14,-1.619882967,0.8419145667,0.0003095370385,0.0004549706571,4
60,2.15,-1.609080944,0.8350264778,0.0003181679393,0.0005115754936,0
60,2.15,-1.609080944,0.8350264778,0.0003181679393,0.0005115754936,4
60,2.15,-1.609080944,0.8350264778,0.0003181679393,0.0005115754936,2
60,2.15,-1.609080944,0.8350264778,0.0003181679393,0.0005115754936,1
60,2.15,-1.609080944,0.8350264778,0.0003181679393,0.0005115754936,3
60,2.16,-1.596808044,0.8257415,0.0003378605294,0.0006282571725,0
60,2.16,-1.596808044,0.8257415,0.0003378605294,0.0006282571725,2
60,2.16,-1.596808044,0.8257415,0.0003378605294,0.0006282571725,3
60,2.16,-1.596808044,0.8257415,0.0003378605294,0.0006282571725,1
60,2.16,-1.596808044,0.8257415,0.0003378605294,0.0006282571725,4
60,2.17,-1.585063967,0.8170501,0.0003489988056,0.0007246761011,0
60,2.17,-1.585063967,0.8170501,0.0003489988056,0.0007246761011,3
60,2.17,-1.585063967,0.8170501,0.0003489988056,0.0007246761011,1
60,2.17,-1.585063967,0.8170501,0.0003489988056,0.0007246761011,4
60,2.17,-1.585063967,0.8170501,0.0003489988056,0.0007246761011,2
60,2.18,-1.5727126,0.8078432667,0.0003652303706,0.0008009627908,0
60,2.18,-1.5727126,0.8078432667,0.0003652303706,0.0008009627908,1
60,2.18,-1.5727126,0.8078432667,0.0003652303706,0.0008009627908,2
60,2.18,-1.5727126,0.8078432667,0.0003652303706,0.0008009627908,3
60,2.18,-1.5727126,0.8078432667,0.0003652303706,0.0008009627908,4
60,2.19,-1.560606078,0.7986238056,0.0003740755342,0.0009247547999,0
60,2.19,-1.560606078,0.7986238056,0.0003740755342,0.0009247547999,2
60,2.19,-1.560606078,0.7986238056,0.0003740755342,0.0009247547999,3
60,2.19,-1.560606078,0.7986238056,0.0003740755342,0.0009247547999,4
60,2.19,-1.560606078,0.7986238056,0.0003740755342,0.0009247547999,1
60,2.2,-1.5467313,0.7839998167,0.0003906665254,0.001376957941,0
60,2.2,-1.5467313,0.7839998167,0.0003906665254,0.001376957941,1
60,2.2,-1.5467313,0.7839998167,0.0003906665254,0.001376957941,2
60,2.2,-1.5467313,0.7839998167,0.0003906665254,0.001376957941,3
60,2.2,-1.5467313,0.7839998167,0.0003906665254,0.001376957941,4
60,2.21,-1.533810056,0.7754614444,0.0004043444035,0.001289777918,0
60,2.21,-1.533810056,0.7754614444,0.0004043444035,0.001289777918,1
60,2.21,-1.533810056,0.7754614444,0.0004043444035,0.001289777918,2
60,2.21,-1.533810056,0.7754614444,0.0004043444035,0.001289777918,3
60,2.21,-1.533810056,0.7754614444,0.0004043444035,0.001289777918,4
60,2.22,-1.516830322,0.7537395222,0.000454391768,0.002881762979,0
60,2.22,-1.516830322,0.7537395222,0.000454391768,0.002881762979,1
60,2.22,-1.516830322,0.7537395222,0.000454391768,0.002881762979,2
60,2.22,-1.516830322,0.7537395222,0.000454391768,0.002881762979,3
60,2.22,-1.516830322,0.7537395222,0.000454391768,0.002881762979,4
60,2.23,-1.497837244,0.7216780111,0.0005310527293,0.005606497897,1
60,2.23,-1.497837244,0.7216780111,0.0005310527293,0.005606497897,3
60,2.23,-1.497837244,0.7216780111,0.0005310527293,0.005606497897,0
60,2.23,-1.497837244,0.7216780111,0.0005310527293,0.005606497897,2
60,2.23,-1.497837244,0.7216780111,0.0005310527293,0.005606497897,4
60,2.24,-1.481491367,0.7007148111,0.0005189372245,0.007230749124,0
60,2.24,-1.481491367,0.7007148111,0.0005189372245,0.007230749124,1
60,2.24,-1.481491367,0.7007148111,0.0005189372245,0.007230749124,2
60,2.24,-1.481491367,0.7007148111,0.0005189372245,0.007230749124,3
60,2.24,-1.481491367,0.7007148111,0.0005189372245,0.007230749124,4
60,2.24,-1.481491367,0.7007148111,0.0005189372245,0.007230749124,1
60,2.24,-1.481491367,0.7007148111,0.0005189372245,0.007230749124,0
60,2.24,-1.481491367,0.7007148111,0.0005189372245,0.007230749124,3
60,2.24,-1.481491367,0.7007148111,0.0005189372245,0.007230749124,2
60,2.24,-1.481491367,0.7007148111,0.0005189372245,0.007230749124,4
60,2.242068966,-1.477125178,0.7000043444,0.0005188388924,0.004358639336,1
60,2.242068966,-1.477125178,0.7000043444,0.0005188388924,0.004358639336,0
60,2.242068966,-1.477125178,0.7000043444,0.0005188388924,0.004358639336,2
60,2.242068966,-1.477125178,0.7000043444,0.0005188388924,0.004358639336,3
60,2.242068966,-1.477125178,0.7000043444,0.0005188388924,0.004358639336,4
60,2.244137931,-1.470738089,0.6762404,0.0005704870764,0.009176793618,0
60,2.244137931,-1.470738089,0.6762404,0.0005704870764,0.009176793618,2
60,2.244137931,-1.470738089,0.6762404,0.0005704870764,0.009176793618,1
60,2.244137931,-1.470738089,0.6762404,0.0005704870764,0.009176793618,3
60,2.244137931,-1.470738089,0.6762404,0.0005704870764,0.009176793618,4
60,2.246206897,-1.472266089,0.6982286444,0.000508970282,0.003886546552,2
60,2.246206897,-1.472266089,0.6982286444,0.000508970282,0.003886546552,0
60,2.246206897,-1.472266089,0.6982286444,0.000508970282,0.003886546552,1
60,2.246206897,-1.472266089,0.6982286444,0.000508970282,0.003886546552,3
60,2.246206897,-1.472266089,0.6982286444,0.000508970282,0.003886546552,4
60,2.248275862,-1.466355133,0.6822602056,0.0005310413237,0.005798192639,0
60,2.248275862,-1.466355133,0.6822602056,0.0005310413237,0.005798192639,1
60,2.248275862,-1.466355133,0.6822602056,0.0005310413237,0.005798192639,3
60,2.248275862,-1.466355133,0.6822602056,0.0005310413237,0.005798192639,2
60,2.248275862,-1.466355133,0.6822602056,0.0005310413237,0.005798192639,4
60,2.250344828,-1.465771744,0.6905581667,0.00050436815,0.004246608328,0
60,2.250344828,-1.465771744,0.6905581667,0.00050436815,0.004246608328,2
60,2.250344828,-1.465771744,0.6905581667,0.00050436815,0.004246608328,1
60,2.250344828,-1.465771744,0.6905581667,0.00050436815,0.004246608328,3
60,2.250344828,-1.465771744,0.6905581667,0.00050436815,0.004246608328,4
60,2.252413793,-1.459191822,0.6715766167,0.0005590019316,0.007386425327,0
60,2.252413793,-1.459191822,0.6715766167,0.0005590019316,0.007386425327,1
60,2.252413793,-1.459191822,0.6715766167,0.0005590019316,0.007386425327,3
60,2.252413793,-1.459191822,0.6715766167,0.0005590019316,0.007386425327,2
60,2.252413793,-1.459191822,0.6715766167,0.0005590019316,0.007386425327,4
60,2.254482759,-1.459411867,0.6835859611,0.0005111867057,0.00521867557,0
60,2.254482759,-1.459411867,0.6835859611,0.0005111867057,0.00521867557,1
60,2.254482759,-1.459411867,0.6835859611,0.0005111867057,0.00521867557,2
60,2.254482759,-1.459411867,0.6835859611,0.0005111867057,0.00521867557,3
60,2.254482759,-1.459411867,0.6835859611,0.0005111867057,0.00521867557,4
60,2.256551724,-1.453400278,0.6737587333,0.0005097886916,0.004409572572,0
60,2.256551724,-1.453400278,0.6737587333,0.0005097886916,0.004409572572,1
60,2.256551724,-1.453400278,0.6737587333,0.0005097886916,0.004409572572,3
60,2.256551724,-1.453400278,0.6737587333,0.0005097886916,0.004409572572,2
60,2.256551724,-1.453400278,0.6737587333,0.0005097886916,0.004409572572,4
60,2.25862069,-1.439380456,0.6175608611,0.0006397838664,0.01290049704,0
60,2.25862069,-1.439380456,0.6175608611,0.0006397838664,0.01290049704,1
60,2.25862069,-1.439380456,0.6175608611,0.0006397838664,0.01290049704,2
60,2.25862069,-1.439380456,0.6175608611,0.0006397838664,0.01290049704,3
60,2.25862069,-1.439380456,0.6175608611,0.0006397838664,0.01290049704,4
60,2.260689655,-1.4414944,0.6359011,0.0005621553074,0.009391743255,0
60,2.260689655,-1.4414944,0.6359011,0.0005621553074,0.009391743255,2
60,2.260689655,-1.4414944,0.6359011,0.0005621553074,0.009391743255,1
60,2.260689655,-1.4414944,0.6359011,0.0005621553074,0.009391743255,4
60,2.260689655,-1.4414944,0.6359011,0.0005621553074,0.009391743255,3
60,2.262758621,-1.438806089,0.6388537167,0.0005695076635,0.008516557208,1
60,2.262758621,-1.438806089,0.6388537167,0.0005695076635,0.008516557208,0
60,2.262758621,-1.438806089,0.6388537167,0.0005695076635,0.008516557208,2
60,2.262758621,-1.438806089,0.6388537167,0.0005695076635,0.008516557208,3
60,2.262758621,-1.438806089,0.6388537167,0.0005695076635,0.008516557208,4
60,2.264827586,-1.437446078,0.6395448556,0.0005509188803,0.008805945477,0
60,2.264827586,-1.437446078,0.6395448556,0.0005509188803,0.008805945477,1
60,2.264827586,-1.437446078,0.6395448556,0.0005509188803,0.008805945477,2
60,2.264827586,-1.437446078,0.6395448556,0.0005509188803,0.008805945477,4
60,2.264827586,-1.437446078,0.6395448556,0.0005509188803,0.008805945477,3
60,2.266896552,-1.431928511,0.6294296333,0.0005860010124,0.008814066069,1
60,2.266896552,-1.431928511,0.6294296333,0.0005860010124,0.008814066069,0
60,2.266896552,-1.431928511,0.6294296333,0.0005860010124,0.008814066069,2
60,2.266896552,-1.431928511,0.6294296333,0.0005860010124,0.008814066069,3
60,2.266896552,-1.431928511,0.6294296333,0.0005860010124,0.008814066069,4
60,2.268965517,-1.417931478,0.5661709833,0.0006308680933,0.01653118778,0
60,2.268965517,-1.417931478,0.5661709833,0.0006308680933,0.01653118778,1
60,2.268965517,-1.417931478,0.5661709833,0.0006308680933,0.01653118778,2
60,2.268965517,-1.417931478,0.5661709833,0.0006308680933,0.01653118778,3
60,2.268965517,-1.417931478,0.5661709833,0.0006308680933,0.01653118778,4
60,2.271034483,-1.425389267,0.6206176778,0.0005431138198,0.008151445687,0
60,2.271034483,-1.425389267,0.6206176778,0.0005431138198,0.008151445687,1
60,2.271034483,-1.425389267,0.6206176778,0.0005431138198,0.008151445687,2
60,2.271034483,-1.425389267,0.6206176778,0.0005431138198,0.008151445687,3
60,2.271034483,-1.425389267,0.6206176778,0.0005431138198,0.008151445687,4
60,2.273103448,-1.415586511,0.5927426833,0.0005889601206,0.0109713035,1
60,2.273103448,-1.415586511,0.5927426833,0.0005889601206,0.0109713035,0
60,2.273103448,-1.415586511,0.5927426833,0.0005889601206,0.0109713035,3
60,2.273103448,-1.415586511,0.5927426833,0.0005889601206,0.0109713035,2
60,2.273103448,-1.415586511,0.5927426833,0.0005889601206,0.0109713035,4
60,2.275172414,-1.407401733,0.5660734611,0.0006689455382,0.01378003872,1
60,2.275172414,-1.407401733,0.5660734611,0.0006689455382,0.01378003872,0
60,2.275172414,-1.407401733,0.5660734611,0.0006689455382,0.01378003872,2
60,2.275172414,-1.407401733,0.5660734611,0.0006689455382,0.01378003872,3
60,2.275172414,-1.407401733,0.5660734611,0.0006689455382,0.01378003872,4
60,2.277241379,-1.4094267,0.5774520556,0.0006105909081,0.0134039726,0
60,2.277241379,-1.4094267,0.5774520556,0.0006105909081,0.0134039726,2
60,2.277241379,-1.4094267,0.5774520556,0.0006105909081,0.0134039726,1
60,2.277241379,-1.4094267,0.5774520556,0.0006105909081,0.0134039726,3
60,2.277241379,-1.4094267,0.5774520556,0.0006105909081,0.0134039726,4
60,2.279310345,-1.407533356,0.5868609556,0.0005767843656,0.01052148098,0
60,2.279310345,-1.407533356,0.5868609556,0.0005767843656,0.01052148098,3
60,2.279310345,-1.407533356,0.5868609556,0.0005767843656,0.01052148098,2
60,2.279310345,-1.407533356,0.5868609556,0.0005767843656,0.01052148098,1
60,2.279310345,-1.407533356,0.5868609556,0.0005767843656,0.01052148098,4
60,2.28137931,-1.396646611,0.5330160167,0.000580629297,0.01536395666,0
60,2.28137931,-1.396646611,0.5330160167,0.000580629297,0.01536395666,2
60,2.28137931,-1.396646611,0.5330160167,0.000580629297,0.01536395666,1
60,2.28137931,-1.396646611,0.5330160167,0.000580629297,0.01536395666,3
60,2.28137931,-1.396646611,0.5330160167,0.000580629297,0.01536395666,4
60,2.283448276,-1.389229956,0.5143275889,0.0006198579981,0.01637847665,0
60,2.283448276,-1.389229956,0.5143275889,0.0006198579981,0.01637847665,1
60,2.283448276,-1.389229956,0.5143275889,0.0006198579981,0.01637847665,2
60,2.283448276,-1.389229956,0.5143275889,0.0006198579981,0.01637847665,3
60,2.283448276,-1.389229956,0.5143275889,0.0006198579981,0.01637847665,4
60,2.285517241,-1.386961744,0.5118583556,0.0006235965944,0.01716384883,0
60,2.285517241,-1.386961744,0.5118583556,0.0006235965944,0.01716384883,1
60,2.285517241,-1.386961744,0.5118583556,0.0006235965944,0.01716384883,2
60,2.285517241,-1.386961744,0.5118583556,0.0006235965944,0.01716384883,3
60,2.285517241,-1.386961744,0.5118583556,0.0006235965944,0.01716384883,4
60,2.287586207,-1.380265111,0.4967323722,0.0005866488217,0.01635404002,3
60,2.287586207,-1.380265111,0.4967323722,0.0005866488217,0.01635404002,0
60,2.287586207,-1.380265111,0.4967323722,0.0005866488217,0.01635404002,1
60,2.287586207,-1.380265111,0.4967323722,0.0005866488217,0.01635404002,2
60,2.287586207,-1.380265111,0.4967323722,0.0005866488217,0.01635404002,4
60,2.289655172,-1.376026289,0.4893073667,0.0006049090509,0.01557597942,0
60,2.289655172,-1.376026289,0.4893073667,0.0006049090509,0.01557597942,1
60,2.289655172,-1.376026289,0.4893073667,0.0006049090509,0.01557597942,3
60,2.289655172,-1.376026289,0.4893073667,0.0006049090509,0.01557597942,2
60,2.289655172,-1.376026289,0.4893073667,0.0006049090509,0.01557597942,4
60,2.291724138,-1.373012111,0.4888780667,0.0006006697396,0.01478370476,0
60,2.291724138,-1.373012111,0.4888780667,0.0006006697396,0.01478370476,1
60,2.291724138,-1.373012111,0.4888780667,0.0006006697396,0.01478370476,3
60,2.291724138,-1.373012111,0.4888780667,0.0006006697396,0.01478370476,2
60,2.291724138,-1.373012111,0.4888780667,0.0006006697396,0.01478370476,4
60,2.293793103,-1.362428133,0.4423527556,0.0005804744416,0.01803279287,0
60,2.293793103,-1.362428133,0.4423527556,0.0005804744416,0.01803279287,1
60,2.293793103,-1.362428133,0.4423527556,0.0005804744416,0.01803279287,3
60,2.293793103,-1.362428133,0.4423527556,0.0005804744416,0.01803279287,2
60,2.293793103,-1.362428133,0.4423527556,0.0005804744416,0.01803279287,4
60,2.295862069,-1.365567389,0.4661495889,0.0005990407518,0.01732560564,0
60,2.295862069,-1.365567389,0.4661495889,0.0005990407518,0.01732560564,4
60,2.295862069,-1.365567389,0.4661495889,0.0005990407518,0.01732560564,1
60,2.295862069,-1.365567389,0.4661495889,0.0005990407518,0.01732560564,2
60,2.295862069,-1.365567389,0.4661495889,0.0005990407518,0.01732560564,3
60,2.297931034,-1.363985611,0.4760419611,0.0005851773075,0.01507619024,0
60,2.297931034,-1.363985611,0.4760419611,0.0005851773075,0.01507619024,1
60,2.297931034,-1.363985611,0.4760419611,0.0005851773075,0.01507619024,2
60,2.297931034,-1.363985611,0.4760419611,0.0005851773075,0.01507619024,3
60,2.297931034,-1.363985611,0.4760419611,0.0005851773075,0.01507619024,4
60,2.3,-1.354288356,0.43041545,0.0005998416358,0.01815513412,0
60,2.3,-1.354288356,0.43041545,0.0005998416358,0.01815513412,1
60,2.3,-1.354288356,0.43041545,0.0005998416358,0.01815513412,3
60,2.3,-1.354288356,0.43041545,0.0005998416358,0.01815513412,2
60,2.3,-1.354288356,0.43041545,0.0005998416358,0.01815513412,4
60,2.3,-1.354288356,0.43041545,0.0005998416358,0.01815513412,0
60,2.3,-1.354288356,0.43041545,0.0005998416358,0.01815513412,1
60,2.3,-1.354288356,0.43041545,0.0005998416358,0.01815513412,2
60,2.3,-1.354288356,0.43041545,0.0005998416358,0.01815513412,3
60,2.3,-1.354288356,0.43041545,0.0005998416358,0.01815513412,4
60,2.307142857,-1.3425798,0.4133395111,0.0005471775026,0.01695930354,0
60,2.307142857,-1.3425798,0.4133395111,0.0005471775026,0.01695930354,1
60,2.307142857,-1.3425798,0.4133395111,0.0005471775026,0.01695930354,3
60,2.307142857,-1.3425798,0.4133395111,0.0005471775026,0.01695930354,4
60,2.307142857,-1.3425798,0.4133395111,0.0005471775026,0.01695930354,2
60,2.314285714,-1.336882367,0.4332437278,0.0005501760764,0.01484168803,0
60,2.314285714,-1.336882367,0.4332437278,0.0005501760764,0.01484168803,2
60,2.314285714,-1.336882367,0.4332437278,0.0005501760764,0.01484168803,1
60,2.314285714,-1.336882367,0.4332437278,0.0005501760764,0.01484168803,3
60,2.314285714,-1.336882367,0.4332437278,0.0005501760764,0.01484168803,4
60,2.321428571,-1.318395278,0.3644338167,0.0005029877734,0.01553077385,0
60,2.321428571,-1.318395278,0.3644338167,0.0005029877734,0.01553077385,1
60,2.321428571,-1.318395278,0.3644338167,0.0005029877734,0.01553077385,2
60,2.321428571,-1.318395278,0.3644338167,0.0005029877734,0.01553077385,3
60,2.321428571,-1.318395278,0.3644338167,0.0005029877734,0.01553077385,4
60,2.328571429,-1.300532722,0.3188035556,0.0004856400678,0.01419826144,0
60,2.328571429,-1.300532722,0.3188035556,0.0004856400678,0.01419826144,2
60,2.328571429,-1.300532722,0.3188035556,0.0004856400678,0.01419826144,1
60,2.328571429,-1.300532722,0.3188035556,0.0004856400678,0.01419826144,3
60,2.328571429,-1.300532722,0.3188035556,0.0004856400678,0.01419826144,4
60,2.335714286,-1.294558856,0.3264989111,0.0004810272502,0.01451912537,0
60,2.335714286,-1.294558856,0.3264989111,0.0004810272502,0.01451912537,2
60,2.335714286,-1.294558856,0.3264989111,0.0004810272502,0.01451912537,1
60,2.335714286,-1.294558856,0.3264989111,0.0004810272502,0.01451912537,3
60,2.335714286,-1.294558856,0.3264989111,0.0004810272502,0.01451912537,4
60,2.342857143,-1.281846311,0.2885095,0.0004355372877,0.01297304501,0
60,2.342857143,-1.281846311,0.2885095,0.0004355372877,0.01297304501,1
60,2.342857143,-1.281846311,0.2885095,0.0004355372877,0.01297304501,2
60,2.342857143,-1.281846311,0.2885095,0.0004355372877,0.01297304501,3
60,2.342857143,-1.281846311,0.2885095,0.0004355372877,0.01297304501,4
60,2.35,-1.265580589,0.2416611278,0.0003810104706,0.009688792079,0
60,2.35,-1.265580589,0.2416611278,0.0003810104706,0.009688792079,4
60,2.35,-1.265580589,0.2416611278,0.0003810104706,0.009688792079,2
60,2.35,-1.265580589,0.2416611278,0.0003810104706,0.009688792079,1
60,2.35,-1.265580589,0.2416611278,0.0003810104706,0.009688792079,3
60,2.357142857,-1.257716533,0.2315981778,0.0003852978621,0.01016581759,0
60,2.357142857,-1.257716533,0.2315981778,0.0003852978621,0.01016581759,1
60,2.357142857,-1.257716533,0.2315981778,0.0003852978621,0.01016581759,2
60,2.357142857,-1.257716533,0.2315981778,0.0003852978621,0.01016581759,3
60,2.357142857,-1.257716533,0.2315981778,0.0003852978621,0.01016581759,4
60,2.364285714,-1.250179933,0.2436571722,0.0003931775837,0.01055276313,0
60,2.364285714,-1.250179933,0.2436571722,0.0003931775837,0.01055276313,1
60,2.364285714,-1.250179933,0.2436571722,0.0003931775837,0.01055276313,3
60,2.364285714,-1.250179933,0.2436571722,0.0003931775837,0.01055276313,2
60,2.364285714,-1.250179933,0.2436571722,0.0003931775837,0.01055276313,4
60,2.371428571,-1.239575922,0.2066265278,0.0003645099808,0.008656572681,0
60,2.371428571,-1.239575922,0.2066265278,0.0003645099808,0.008656572681,1
60,2.371428571,-1.239575922,0.2066265278,0.0003645099808,0.008656572681,3
60,2.371428571,-1.239575922,0.2066265278,0.0003645099808,0.008656572681,2
60,2.371428571,-1.239575922,0.2066265278,0.0003645099808,0.008656572681,4
60,2.378571429,-1.232146456,0.2043721722,0.0003536844868,0.008033607069,0
60,2.378571429,-1.232146456,0.2043721722,0.0003536844868,0.008033607069,1
60,2.378571429,-1.232146456,0.2043721722,0.0003536844868,0.008033607069,3
60,2.378571429,-1.232146456,0.2043721722,0.0003536844868,0.008033607069,2
60,2.378571429,-1.232146456,0.2043721722,0.0003536844868,0.008033607069,4
60,2.385714286,-1.2218641,0.19121725,0.0003267120932,0.007139619858,1
60,2.385714286,-1.2218641,0.19121725,0.0003267120932,0.007139619858,0
60,2.385714286,-1.2218641,0.19121725,0.0003267120932,0.007139619858,3
60,2.385714286,-1.2218641,0.19121725,0.0003267120932,0.007139619858,2
60,2.385714286,-1.2218641,0.19121725,0.0003267120932,0.007139619858,4
60,2.392857143,-1.213608611,0.1784474944,0.0003300009624,0.006966446608,0
60,2.392857143,-1.213608611,0.1784474944,0.0003300009624,0.006966446608,4
60,2.392857143,-1.213608611,0.1784474944,0.0003300009624,0.006966446608,1
60,2.392857143,-1.213608611,0.1784474944,0.0003300009624,0.006966446608,2
60,2.392857143,-1.213608611,0.1784474944,0.0003300009624,0.006966446608,3
60,2.4,-1.203803856,0.1723148111,0.0003076242805,0.006126799887,0
60,2.4,-1.203803856,0.1723148111,0.0003076242805,0.006126799887,1
60,2.4,-1.203803856,0.1723148111,0.0003076242805,0.006126799887,2
60,2.4,-1.203803856,0.1723148111,0.0003076242805,0.006126799887,3
60,2.4,-1.203803856,0.1723148111,0.0003076242805,0.006126799887,4
80,2.1,-1.662042263,0.8685007,0.0001512641227,0.0001508190364,0
80,2.1,-1.662042263,0.8685007,0.0001512641227,0.0001508190364,3
80,2.1,-1.662042263,0.8685007,0.0001512641227,0.0001508190364,4
80,2.1,-1.662042263,0.8685007,0.0001512641227,0.0001508190364,1
80,2.1,-1.662042263,0.8685007,0.0001512641227,0.0001508190364,2
80,2.11,-1.652300381,0.8627163625,0.0001588903815,0.0001771164894,1
80,2.11,-1.652300381,0.8627163625,0.0001588903815,0.0001771164894,3
80,2.11,-1.652300381,0.8627163625,0.0001588903815,0.0001771164894,2
80,2.11,-1.652300381,0.8627163625,0.0001588903815,0.0001771164894,4
80,2.11,-1.652300381,0.8627163625,0.0001588903815,0.0001771164894,0
80,2.12,-1.642499775,0.8572379437,0.0001631833869,0.0001877552137,0
80,2.12,-1.642499775,0.8572379437,0.0001631833869,0.0001877552137,1
80,2.12,-1.642499775,0.8572379437,0.0001631833869,0.0001877552137,3
80,2.12,-1.642499775,0.8572379437,0.0001631833869,0.0001877552137,2
80,2.12,-1.642499775,0.8572379437,0.0001631833869,0.0001877552137,4
80,2.13,-1.631864106,0.8504790563,0.0001711111272,0.0002147993651,1
80,2.13,-1.631864106,0.8504790563,0.0001711111272,0.0002147993651,0
80,2.13,-1.631864106,0.8504790563,0.0001711111272,0.0002147993651,3
80,2.13,-1.631864106,0.8504790563,0.0001711111272,0.0002147993651,4
80,2.13,-1.631864106,0.8504790563,0.0001711111272,0.0002147993651,2
80,2.14,-1.620935206,0.8433043562,0.0001766710714,0.0002422797593,0
80,2.14,-1.620935206,0.8433043562,0.0001766710714,0.0002422797593,1
80,2.14,-1.620935206,0.8433043562,0.0001766710714,0.0002422797593,2
80,2.14,-1.620935206,0.8433043562,0.0001766710714,0.0002422797593,4
80,2.14,-1.620935206,0.8433043562,0.0001766710714,0.0002422797593,3
80,2.15,-1.609640438,0.8350846625,0.000183381141,0.0003170192888,0
80,2.15,-1.609640438,0.8350846625,0.000183381141,0.0003170192888,1
80,2.15,-1.609640438,0.8350846625,0.000183381141,0.0003170192888,2
80,2.15,-1.609640438,0.8350846625,0.000183381141,0.0003170192888,3
80,2.15,-1.609640438,0.8350846625,0.000183381141,0.0003170192888,4
80,2.16,-1.597646906,0.8261788219,0.0001900326594,0.0003611788724,1
80,2.16,-1.597646906,0.8261788219,0.0001900326594,0.0003611788724,0
80,2.16,-1.597646906,0.8261788219,0.0001900326594,0.0003611788724,3
80,2.16,-1.597646906,0.8261788219,0.0001900326594,0.0003611788724,2
80,2.16,-1.597646906,0.8261788219,0.0001900326594,0.0003611788724,4
80,2.17,-1.586320763,0.8187856719,0.0001984383313,0.000421903521,0
80,2.17,-1.586320763,0.8187856719,0.0001984383313,0.000421903521,1
80,2.17,-1.586320763,0.8187856719,0.0001984383313,0.000421903521,3
80,2.17,-1.586320763,0.8187856719,0.0001984383313,0.000421903521,4
80,2.17,-1.586320763,0.8187856719,0.0001984383313,0.000421903521,2
80,2.18,-1.573552444,0.8087328031,0.0002044428339,0.0004518324497,0
80,2.18,-1.573552444,0.8087328031,0.0002044428339,0.0004518324497,1
80,2.18,-1.573552444,0.8087328031,0.0002044428339,0.0004518324497,3
80,2.18,-1.573552444,0.8087328031,0.0002044428339,0.0004518324497,2
80,2.18,-1.573552444,0.8087328031,0.0002044428339,0.0004518324497,4
80,2.19,-1.561398931,0.7998212625,0.0002092394527,0.0004864801531,0
80,2.19,-1.561398931,0.7998212625,0.0002092394527,0.0004864801531,1
80,2.19,-1.561398931,0.7998212625,0.0002092394527,0.0004864801531,2
80,2.19,-1.561398931,0.7998212625,0.0002092394527,0.0004864801531,4
80,2.19,-1.561398931,0.7998212625,0.0002092394527,0.0004864801531,3
80,2.2,-1.54783605,0.7884663406,0.0002193014576,0.0005984195149,0
80,2.2,-1.54783605,0.7884663406,0.0002193014576,0.0005984195149,1
80,2.2,-1.54783605,0.7884663406,0.0002193014576,0.0005984195149,3
80,2.2,-1.54783605,0.7884663406,0.0002193014576,0.0005984195149,2
80,2.2,-1.54783605,0.7884663406,0.0002193014576,0.0005984195149,4
80,2.21,-1.533804925,0.775120075,0.0002307378836,0.0007332208021,0
80,2.21,-1.533804925,0.775120075,0.0002307378836,0.0007332208021,1
80,2.21,-1.533804925,0.775120075,0.0002307378836,0.0007332208021,2
80,2.21,-1.533804925,0.775120075,0.0002307378836,0.0007332208021,3
80,2.21,-1.533804925,0.775120075,0.0002307378836,0.0007332208021,4
80,2.22,-1.516534044,0.7516288156,0.0002590366031,0.001853338374,0
80,2.22,-1.516534044,0.7516288156,0.0002590366031,0.001853338374,1
80,2.22,-1.516534044,0.7516288156,0.0002590366031,0.001853338374,2
80,2.22,-1.516534044,0.7516288156,0.0002590366031,0.001853338374,3
80,2.22,-1.516534044,0.7516288156,0.0002590366031,0.001853338374,4
80,2.23,-1.498839275,0.7274244656,0.0002758161546,0.002404475986,0
80,2.23,-1.498839275,0.7274244656,0.0002758161546,0.002404475986,1
80,2.23,-1.498839275,0.7274244656,0.0002758161546,0.002404475986,2
80,2.23,-1.498839275,0.7274244656,0.0002758161546,0.002404475986,4
80,2.23,-1.498839275,0.7274244656,0.0002758161546,0.002404475986,3
80,2.24,-1.483024062,0.7135096844,0.0002818777963,0.001980507857,0
80,2.24,-1.483024062,0.7135096844,0.0002818777963,0.001980507857,1
80,2.24,-1.483024062,0.7135096844,0.0002818777963,0.001980507857,2
80,2.24,-1.483024062,0.7135096844,0.0002818777963,0.001980507857,3
80,2.24,-1.483024062,0.7135096844,0.0002818777963,0.001980507857,4
80,2.24,-1.483024062,0.7135096844,0.0002818777963,0.001980507857,0
80,2.24,-1.483024062,0.7135096844,0.0002818777963,0.001980507857,1
80,2.24,-1.483024062,0.7135096844,0.0002818777963,0.001980507857,3
80,2.24,-1.483024062,0.7135096844,0.0002818777963,0.001980507857,2
80,2.24,-1.483024062,0.7135096844,0.0002818777963,0.001980507857,4
80,2.242068966,-1.481659894,0.7139474219,0.0002805513472,0.002344802076,0
80,2.242068966,-1.481659894,0.7139474219,0.0002805513472,0.002344802076,1
80,2.242068966,-1.481659894,0.7139474219,0.0002805513472,0.002344802076,2
80,2.242068966,-1.481659894,0.7139474219,0.0002805513472,0.002344802076,4
80,2.242068966,-1.481659894,0.7139474219,0.0002805513472,0.002344802076,3
80,2.244137931,-1.477220956,0.7056588531,0.0002774455984,0.002364278516,0
80,2.244137931,-1.477220956,0.7056588531,0.0002774455984,0.002364278516,1
80,2.244137931,-1.477220956,0.7056588531,0.0002774455984,0.002364278516,2
80,2.244137931,-1.477220956,0.7056588531,0.0002774455984,0.002364278516,3
80,2.244137931,-1.477220956,0.7056588531,0.0002774455984,0.002364278516,4
80,2.246206897,-1.469362144,0.6809043687,0.0003249361039,0.004801024948,0
80,2.246206897,-1.469362144,0.6809043687,0.0003249361039,0.004801024948,1
80,2.246206897,-1.469362144,0.6809043687,0.0003249361039,0.004801024948,2
80,2.246206897,-1.469362144,0.6809043687,0.0003249361039,0.004801024948,4
80,2.246206897,-1.469362144,0.6809043687,0.0003249361039,0.004801024948,3
80,2.248275862,-1.465799106,0.6759439719,0.0003118526508,0.004469346848,0
80,2.248275862,-1.465799106,0.6759439719,0.0003118526508,0.004469346848,1
80,2.248275862,-1.465799106,0.6759439719,0.0003118526508,0.004469346848,2
80,2.248275862,-1.465799106,0.6759439719,0.0003118526508,0.004469346848,3
80,2.248275862,-1.465799106,0.6759439719,0.0003118526508,0.004469346848,4
80,2.250344828,-1.4621198,0.6638540313,0.0003257275141,0.008075610864,0
80,2.250344828,-1.4621198,0.6638540313,0.0003257275141,0.008075610864,1
80,2.250344828,-1.4621198,0.6638540313,0.0003257275141,0.008075610864,2
80,2.250344828,-1.4621198,0.6638540313,0.0003257275141,0.008075610864,3
80,2.250344828,-1.4621198,0.6638540313,0.0003257275141,0.008075610864,4
80,2.252413793,-1.4593467,0.6734343313,0.0003090667679,0.003664321381,1
80,2.252413793,-1.4593467,0.6734343313,0.0003090667679,0.003664321381,0
80,2.252413793,-1.4593467,0.6734343313,0.0003090667679,0.003664321381,3
80,2.252413793,-1.4593467,0.6734343313,0.0003090667679,0.003664321381,2
80,2.252413793,-1.4593467,0.6734343313,0.0003090667679,0.003664321381,4
80,2.254482759,-1.452682475,0.6492729563,0.0003463335156,0.006863757274,0
80,2.254482759,-1.452682475,0.6492729563,0.0003463335156,0.006863757274,2
80,2.254482759,-1.452682475,0.6492729563,0.0003463335156,0.006863757274,1
80,2.254482759,-1.452682475,0.6492729563,0.0003463335156,0.006863757274,4
80,2.254482759,-1.452682475,0.6492729563,0.0003463335156,0.006863757274,3
80,2.256551724,-1.453129063,0.666433075,0.0003172327563,0.004191940669,0
80,2.256551724,-1.453129063,0.666433075,0.0003172327563,0.004191940669,1
80,2.256551724,-1.453129063,0.666433075,0.0003172327563,0.004191940669,3
80,2.256551724,-1.453129063,0.666433075,0.0003172327563,0.004191940669,2
80,2.256551724,-1.453129063,0.666433075,0.0003172327563,0.004191940669,4
80,2.25862069,-1.445061425,0.6457267125,0.0003343993662,0.004782598673,0
80,2.25862069,-1.445061425,0.6457267125,0.0003343993662,0.004782598673,2
80,2.25862069,-1.445061425,0.6457267125,0.0003343993662,0.004782598673,1
80,2.25862069,-1.445061425,0.6457267125,0.0003343993662,0.004782598673,3
80,2.25862069,-1.445061425,0.6457267125,0.0003343993662,0.004782598673,4
80,2.260689655,-1.439056844,0.6212463875,0.0003503643602,0.008752171026,0
80,2.260689655,-1.439056844,0.6212463875,0.0003503643602,0.008752171026,1
80,2.260689655,-1.439056844,0.6212463875,0.0003503643602,0.008752171026,2
80,2.260689655,-1.439056844,0.6212463875,0.0003503643602,0.008752171026,3
80,2.260689655,-1.439056844,0.6212463875,0.0003503643602,0.008752171026,4
80,2.262758621,-1.436878462,0.6196393844,0.0003514594919,0.0083600834,0
80,2.262758621,-1.436878462,0.6196393844,0.0003514594919,0.0083600834,1
80,2.262758621,-1.436878462,0.6196393844,0.0003514594919,0.0083600834,2
80,2.262758621,-1.436878462,0.6196393844,0.0003514594919,0.0083600834,3
80,2.262758621,-1.436878462,0.6196393844,0.0003514594919,0.0083600834,4
80,2.264827586,-1.431680094,0.6049167906,0.000364075624,0.00991135958,0
80,2.264827586,-1.431680094,0.6049167906,0.000364075624,0.00991135958,1
80,2.264827586,-1.431680094,0.6049167906,0.000364075624,0.00991135958,3
80,2.264827586,-1.431680094,0.6049167906,0.000364075624,0.00991135958,4
80,2.264827586,-1.431680094,0.6049167906,0.000364075624,0.00991135958,2
80,2.266896552,-1.428424163,0.6058930062,0.000352270889,0.008838954519,0
80,2.266896552,-1.428424163,0.6058930062,0.000352270889,0.008838954519,2
80,2.266896552,-1.428424163,0.6058930062,0.000352270889,0.008838954519,1
80,2.266896552,-1.428424163,0.6058930062,0.000352270889,0.008838954519,3
80,2.266896552,-1.428424163,0.6058930062,0.000352270889,0.008838954519,4
80,2.268965517,-1.416426031,0.5523643875,0.0003850524341,0.01423161051,1
80,2.268965517,-1.416426031,0.5523643875,0.0003850524341,0.01423161051,0
80,2.268965517,-1.416426031,0.5523643875,0.0003850524341,0.01423161051,2
80,2.268965517,-1.416426031,0.5523643875,0.0003850524341,0.01423161051,3
80,2.268965517,-1.416426031,0.5523643875,0.0003850524341,0.01423161051,4
80,2.271034483,-1.408582188,0.5009985781,0.0003894224814,0.01954389127,0
80,2.271034483,-1.408582188,0.5009985781,0.0003894224814,0.01954389127,1
80,2.271034483,-1.408582188,0.5009985781,0.0003894224814,0.01954389127,2
80,2.271034483,-1.408582188,0.5009985781,0.0003894224814,0.01954389127,3
80,2.271034483,-1.408582188,0.5009985781,0.0003894224814,0.01954389127,4
80,2.273103448,-1.405646369,0.4947995344,0.0004134160308,0.02076239272,0
80,2.273103448,-1.405646369,0.4947995344,0.0004134160308,0.02076239272,1
80,2.273103448,-1.405646369,0.4947995344,0.0004134160308,0.02076239272,2
80,2.273103448,-1.405646369,0.4947995344,0.0004134160308,0.02076239272,4
80,2.273103448,-1.405646369,0.4947995344,0.0004134160308,0.02076239272,3
80,2.275172414,-1.399248513,0.488429225,0.0003830308629,0.01727565388,1
80,2.275172414,-1.399248513,0.488429225,0.0003830308629,0.01727565388,0
80,2.275172414,-1.399248513,0.488429225,0.0003830308629,0.01727565388,2
80,2.275172414,-1.399248513,0.488429225,0.0003830308629,0.01727565388,3
80,2.275172414,-1.399248513,0.488429225,0.0003830308629,0.01727565388,4
80,2.277241379,-1.40113875,0.5142949344,0.0003695210754,0.01657137937,0
80,2.277241379,-1.40113875,0.5142949344,0.0003695210754,0.01657137937,1
80,2.277241379,-1.40113875,0.5142949344,0.0003695210754,0.01657137937,3
80,2.277241379,-1.40113875,0.5142949344,0.0003695210754,0.01657137937,2
80,2.277241379,-1.40113875,0.5142949344,0.0003695210754,0.01657137937,4
80,2.279310345,-1.398319675,0.5321220938,0.00035959212,0.01156541474,0
80,2.279310345,-1.398319675,0.5321220938,0.00035959212,0.01156541474,1
80,2.279310345,-1.398319675,0.5321220938,0.00035959212,0.01156541474,3
80,2.279310345,-1.398319675,0.5321220938,0.00035959212,0.01156541474,2
80,2.279310345,-1.398319675,0.5321220938,0.00035959212,0.01156541474,4
80,2.28137931,-1.389546438,0.4865012031,0.0003774020459,0.01451798216,0
80,2.28137931,-1.389546438,0.4865012031,0.0003774020459,0.01451798216,1
80,2.28137931,-1.389546438,0.4865012031,0.0003774020459,0.01451798216,2
80,2.28137931,-1.389546438,0.4865012031,0.0003774020459,0.01451798216,3
80,2.28137931,-1.389546438,0.4865012031,0.0003774020459,0.01451798216,4
80,2.283448276,-1.388625237,0.4802346125,0.0003642596963,0.01771406881,0
80,2.283448276,-1.388625237,0.4802346125,0.0003642596963,0.01771406881,2
80,2.283448276,-1.388625237,0.4802346125,0.0003642596963,0.01771406881,1
80,2.283448276,-1.388625237,0.4802346125,0.0003642596963,0.01771406881,4
80,2.283448276,-1.388625237,0.4802346125,0.0003642596963,0.01771406881,3
80,2.285517241,-1.388803606,0.5131935,0.0003667714604,0.01408722578,2
80,2.285517241,-1.388803606,0.5131935,0.0003667714604,0.01408722578,0
80,2.285517241,-1.388803606,0.5131935,0.0003667714604,0.01408722578,1
80,2.285517241,-1.388803606,0.5131935,0.0003667714604,0.01408722578,4
80,2.285517241,-1.388803606,0.5131935,0.0003667714604,0.01408722578,3
80,2.287586207,-1.375224244,0.4399218344,0.0003536990951,0.01599495581,1
80,2.287586207,-1.375224244,0.4399218344,0.0003536990951,0.01599495581,0
80,2.287586207,-1.375224244,0.4399218344,0.0003536990951,0.01599495581,2
80,2.287586207,-1.375224244,0.4399218344,0.0003536990951,0.01599495581,3
80,2.287586207,-1.375224244,0.4399218344,0.0003536990951,0.01599495581,4
80,2.289655172,-1.37148675,0.4294852938,0.0003684379116,0.01722338564,0
80,2.289655172,-1.37148675,0.4294852938,0.0003684379116,0.01722338564,2
80,2.289655172,-1.37148675,0.4294852938,0.0003684379116,0.01722338564,1
80,2.289655172,-1.37148675,0.4294852938,0.0003684379116,0.01722338564,3
80,2.289655172,-1.37148675,0.4294852938,0.0003684379116,0.01722338564,4
80,2.291724138,-1.374530281,0.4752996906,0.0003629645168,0.01393418409,0
80,2.291724138,-1.374530281,0.4752996906,0.0003629645168,0.01393418409,1
80,2.291724138,-1.374530281,0.4752996906,0.0003629645168,0.01393418409,2
80,2.291724138,-1.374530281,0.4752996906,0.0003629645168,0.01393418409,3
80,2.291724138,-1.374530281,0.4752996906,0.0003629645168,0.01393418409,4
80,2.293793103,-1.360787231,0.3912901594,0.000349097926,0.01771653796,0
80,2.293793103,-1.360787231,0.3912901594,0.000349097926,0.01771653796,1
80,2.293793103,-1.360787231,0.3912901594,0.000349097926,0.01771653796,2
80,2.293793103,-1.360787231,0.3912901594,0.000349097926,0.01771653796,3
80,2.293793103,-1.360787231,0.3912901594,0.000349097926,0.01771653796,4
80,2.295862069,-1.35841545,0.3978474594,0.0003287697815,0.01596350682,0
80,2.295862069,-1.35841545,0.3978474594,0.0003287697815,0.01596350682,2
80,2.295862069,-1.35841545,0.3978474594,0.0003287697815,0.01596350682,1
80,2.295862069,-1.35841545,0.3978474594,0.0003287697815,0.01596350682,3
80,2.295862069,-1.35841545,0.3978474594,0.0003287697815,0.01596350682,4
80,2.297931034,-1.3648483,0.4746836531,0.0003360877431,0.01060262483,0
80,2.297931034,-1.3648483,0.4746836531,0.0003360877431,0.01060262483,1
80,2.297931034,-1.3648483,0.4746836531,0.0003360877431,0.01060262483,2
80,2.297931034,-1.3648483,0.4746836531,0.0003360877431,0.01060262483,3
80,2.297931034,-1.3648483,0.4746836531,0.0003360877431,0.01060262483,4
80,2.3,-1.349174981,0.3644790219,0.0003196949618,0.01688359815,0
80,2.3,-1.349174981,0.3644790219,0.0003196949618,0.01688359815,1
80,2.3,-1.349174981,0.3644790219,0.0003196949618,0.01688359815,3
80,2.3,-1.349174981,0.3644790219,0.0003196949618,0.01688359815,2
80,2.3,-1.349174981,0.3644790219,0.0003196949618,0.01688359815,4
80,2.3,-1.349174981,0.3644790219,0.0003196949618,0.01688359815,0
80,2.3,-1.349174981,0.3644790219,0.0003196949618,0.01688359815,2
80,2.3,-1.349174981,0.3644790219,0.0003196949618,0.01688359815,3
80,2.3,-1.349174981,0.3644790219,0.0003196949618,0.01688359815,1
80,2.3,-1.349174981,0.3644790219,0.0003196949618,0.01688359815,4
80,2.307142857,-1.333732531,0.3159004438,0.000294735492,0.01378334747,0
80,2.307142857,-1.333732531,0.3159004438,0.000294735492,0.01378334747,2
80,2.307142857,-1.333732531,0.3159004438,0.000294735492,0.01378334747,1
80,2.307142857,-1.333732531,0.3159004438,0.000294735492,0.01378334747,3
80,2.307142857,-1.333732531,0.3159004438,0.000294735492,0.01378334747,4
80,2.314285714,-1.324453706,0.3099717563,0.0002944505305,0.01376604749,3
80,2.314285714,-1.324453706,0.3099717563,0.0002944505305,0.01376604749,0
80,2.314285714,-1.324453706,0.3099717563,0.0002944505305,0.01376604749,1
80,2.314285714,-1.324453706,0.3099717563,0.0002944505305,0.01376604749,2
80,2.314285714,-1.324453706,0.3099717563,0.0002944505305,0.01376604749,4
80,2.321428571,-1.3076966,0.2476751719,0.0002655618375,0.0114797942,0
80,2.321428571,-1.3076966,0.2476751719,0.0002655618375,0.0114797942,1
80,2.321428571,-1.3076966,0.2476751719,0.0002655618375,0.0114797942,2
80,2.321428571,-1.3076966,0.2476751719,0.0002655618375,0.0114797942,3
80,2.321428571,-1.3076966,0.2476751719,0.0002655618375,0.0114797942,4
80,2.328571429,-1.299644019,0.2600137375,0.0002583879858,0.01191175663,2
80,2.328571429,-1.299644019,0.2600137375,0.0002583879858,0.01191175663,3
80,2.328571429,-1.299644019,0.2600137375,0.0002583879858,0.01191175663,0
80,2.328571429,-1.299644019,0.2600137375,0.0002583879858,0.01191175663,1
80,2.328571429,-1.299644019,0.2600137375,0.0002583879858,0.01191175663,4
80,2.335714286,-1.287823069,0.23624565,0.0002438756795,0.009222664164,0
80,2.335714286,-1.287823069,0.23624565,0.0002438756795,0.009222664164,1
80,2.335714286,-1.287823069,0.23624565,0.0002438756795,0.009222664164,2
80,2.335714286,-1.287823069,0.23624565,0.0002438756795,0.009222664164,3
80,2.335714286,-1.287823069,0.23624565,0.0002438756795,0.009222664164,4
80,2.342857143,-1.277197962,0.210458475,0.000228678834,0.008228805879,0
80,2.342857143,-1.277197962,0.210458475,0.000228678834,0.008228805879,2
80,2.342857143,-1.277197962,0.210458475,0.000228678834,0.008228805879,1
80,2.342857143,-1.277197962,0.210458475,0.000228678834,0.008228805879,3
80,2.342857143,-1.277197962,0.210458475,0.000228678834,0.008228805879,4
80,2.35,-1.266883213,0.196220775,0.0002199572592,0.00794353382,1
80,2.35,-1.266883213,0.196220775,0.0002199572592,0.00794353382,0
80,2.35,-1.266883213,0.196220775,0.0002199572592,0.00794353382,2
80,2.35,-1.266883213,0.196220775,0.0002199572592,0.00794353382,3
80,2.35,-1.266883213,0.196220775,0.0002199572592,0.00794353382,4
80,2.357142857,-1.255991631,0.1653114031,0.0002061148792,0.006550472472,1
80,2.357142857,-1.255991631,0.1653114031,0.0002061148792,0.006550472472,0
80,2.357142857,-1.255991631,0.1653114031,0.0002061148792,0.006550472472,3
80,2.357142857,-1.255991631,0.1653114031,0.0002061148792,0.006550472472,2
80,2.357142857,-1.255991631,0.1653114031,0.0002061148792,0.006550472472,4
80,2.364285714,-1.248178162,0.1790074563,0.0002051422104,0.006341892458,1
80,2.364285714,-1.248178162,0.1790074563,0.0002051422104,0.006341892458,0
80,2.364285714,-1.248178162,0.1790074563,0.0002051422104,0.006341892458,3
80,2.364285714,-1.248178162,0.1790074563,0.0002051422104,0.006341892458,2
80,2.364285714,-1.248178162,0.1790074563,0.0002051422104,0.006341892458,4
80,2.371428571,-1.236520675,0.1532243688,0.0001932062121,0.005037422181,0
80,2.371428571,-1.236520675,0.1532243688,0.0001932062121,0.005037422181,1
80,2.371428571,-1.236520675,0.1532243688,0.0001932062121,0.005037422181,2
80,2.371428571,-1.236520675,0.1532243688,0.0001932062121,0.005037422181,3
80,2.371428571,-1.236520675,0.1532243688,0.0001932062121,0.005037422181,4
80,2.378571429,-1.230288725,0.1452881438,0.0001908707201,0.004944167355,0
80,2.378571429,-1.230288725,0.1452881438,0.0001908707201,0.004944167355,1
80,2.378571429,-1.230288725,0.1452881438,0.0001908707201,0.004944167355,2
80,2.378571429,-1.230288725,0.1452881438,0.0001908707201,0.004944167355,3
80,2.378571429,-1.230288725,0.1452881438,0.0001908707201,0.004944167355,4
80,2.385714286,-1.219546856,0.1430806125,0.0001848819194,0.004251176685,0
80,2.385714286,-1.219546856,0.1430806125,0.0001848819194,0.004251176685,2
80,2.385714286,-1.219546856,0.1430806125,0.0001848819194,0.004251176685,1
80,2.385714286,-1.219546856,0.1430806125,0.0001848819194,0.004251176685,3
80,2.385714286,-1.219546856,0.1430806125,0.0001848819194,0.004251176685,4
80,2.392857143,-1.2116957,0.1225713156,0.000178677317,0.00342802624,0
80,2.392857143,-1.2116957,0.1225713156,0.000178677317,0.00342802624,1
80,2.392857143,-1.2116957,0.1225713156,0.000178677317,0.00342802624,2
80,2.392857143,-1.2116957,0.1225713156,0.000178677317,0.00342802624,3
80,2.392857143,-1.2116957,0.1225713156,0.000178677317,0.00342802624,4
80,2.4,-1.20453055,0.1379019375,0.0001763339409,0.003920033027,2
80,2.4,-1.20453055,0.1379019375,0.0001763339409,0.003920033027,3
80,2.4,-1.20453055,0.1379019375,0.0001763339409,0.003920033027,0
80,2.4,-1.20453055,0.1379019375,0.0001763339409,0.003920033027,1
80,2.4,-1.20453055,0.1379019375,0.0001763339409,0.003920033027,4
100,2.1,-1.66206898,0.86894262,9.737117288e-05,9.66422935e-05,0
100,2.1,-1.66206898,0.86894262,9.737117288e-05,9.66422935e-05,2
100,2.1,-1.66206898,0.86894262,9.737117288e-05,9.66422935e-05,1
100,2.1,-1.66206898,0.86894262,9.737117288e-05,9.66422935e-05,3
100,2.11,-1.65215642,0.86302215,0.0001005433089,0.0001074232679,4
100,2.11,-1.65215642,0.86302215,0.0001005433089,0.0001074232679,1
100,2.11,-1.65215642,0.86302215,0.0001005433089,0.0001074232679,2
100,2.11,-1.65215642,0.86302215,0.0001005433089,0.0001074232679,3
100,2.1,-1.66206898,0.86894262,9.737117288e-05,9.66422935e-05,4
100,2.11,-1.65215642,0.86302215,0.0001005433089,0.0001074232679,0
100,2.12,-1.642092764,0.857085116,0.0001021246339,0.000115794843,2
100,2.12,-1.642092764,0.857085116,0.0001021246339,0.000115794843,3
100,2.12,-1.642092764,0.857085116,0.0001021246339,0.000115794843,0
100,2.12,-1.642092764,0.857085116,0.0001021246339,0.000115794843,1
100,2.12,-1.642092764,0.857085116,0.0001021246339,0.000115794843,4
100,2.13,-1.631566076,0.850505206,0.0001060299026,0.0001276923749,2
100,2.13,-1.631566076,0.850505206,0.0001060299026,0.0001276923749,0
100,2.13,-1.631566076,0.850505206,0.0001060299026,0.0001276923749,3
100,2.13,-1.631566076,0.850505206,0.0001060299026,0.0001276923749,1
100,2.13,-1.631566076,0.850505206,0.0001060299026,0.0001276923749,4
100,2.14,-1.620831136,0.843639992,0.0001095876462,0.0001444313147,0
100,2.14,-1.620831136,0.843639992,0.0001095876462,0.0001444313147,1
100,2.14,-1.620831136,0.843639992,0.0001095876462,0.0001444313147,2
100,2.14,-1.620831136,0.843639992,0.0001095876462,0.0001444313147,4
100,2.14,-1.620831136,0.843639992,0.0001095876462,0.0001444313147,3
100,2.15,-1.6095586,0.834858734,0.0001186955765,0.0003257839629,1
100,2.15,-1.6095586,0.834858734,0.0001186955765,0.0003257839629,0
100,2.15,-1.6095586,0.834858734,0.0001186955765,0.0003257839629,2
100,2.15,-1.6095586,0.834858734,0.0001186955765,0.0003257839629,4
100,2.15,-1.6095586,0.834858734,0.0001186955765,0.0003257839629,3
100,2.16,-1.598104184,0.827172972,0.0001191896811,0.0002630361192,0
100,2.16,-1.598104184,0.827172972,0.0001191896811,0.0002630361192,1
100,2.16,-1.598104184,0.827172972,0.0001191896811,0.0002630361192,2
100,2.16,-1.598104184,0.827172972,0.0001191896811,0.0002630361192,3
100,2.16,-1.598104184,0.827172972,0.0001191896811,0.0002630361192,4
100,2.17,-1.586375988,0.81953079,0.0001203791978,0.0002163201707,0
100,2.17,-1.586375988,0.81953079,0.0001203791978,0.0002163201707,2
100,2.17,-1.586375988,0.81953079,0.0001203791978,0.0002163201707,1
100,2.17,-1.586375988,0.81953079,0.0001203791978,0.0002163201707,4
100,2.17,-1.586375988,0.81953079,0.0001203791978,0.0002163201707,3
100,2.18,-1.573170084,0.80833668,0.0001271912,0.0002949030889,0
100,2.18,-1.573170084,0.80833668,0.0001271912,0.0002949030889,1
100,2.18,-1.573170084,0.80833668,0.0001271912,0.0002949030889,3
100,2.18,-1.573170084,0.80833668,0.0001271912,0.0002949030889,2
100,2.18,-1.573170084,0.80833668,0.0001271912,0.0002949030889,4
100,2.19,-1.560259932,0.79744102,0.0001327925036,0.0003591702618,0
100,2.19,-1.560259932,0.79744102,0.0001327925036,0.0003591702618,1
100,2.19,-1.560259932,0.79744102,0.0001327925036,0.0003591702618,2
100,2.19,-1.560259932,0.79744102,0.0001327925036,0.0003591702618,4
100,2.19,-1.560259932,0.79744102,0.0001327925036,0.0003591702618,3
100,2.2,-1.546510768,0.783875504,0.0001393054333,0.0005934692811,0
100,2.2,-1.546510768,0.783875504,0.0001393054333,0.0005934692811,1
100,2.2,-1.546510768,0.783875504,0.0001393054333,0.0005934692811,3
100,2.2,-1.546510768,0.783875504,0.0001393054333,0.0005934692811,2
100,2.2,-1.546510768,0.783875504,0.0001393054333,0.0005934692811,4
100,2.21,-1.533047764,0.772895006,0.0001444518945,0.0005768871004,0
100,2.21,-1.533047764,0.772895006,0.0001444518945,0.0005768871004,1
100,2.21,-1.533047764,0.772895006,0.0001444518945,0.0005768871004,2
100,2.21,-1.533047764,0.772895006,0.0001444518945,0.0005768871004,4
100,2.21,-1.533047764,0.772895006,0.0001444518945,0.0005768871004,3
100,2.22,-1.515588552,0.75140165,0.0001552552021,0.0007573630076,1
100,2.22,-1.515588552,0.75140165,0.0001552552021,0.0007573630076,0
100,2.22,-1.515588552,0.75140165,0.0001552552021,0.0007573630076,3
100,2.22,-1.515588552,0.75140165,0.0001552552021,0.0007573630076,2
100,2.22,-1.515588552,0.75140165,0.0001552552021,0.0007573630076,4
100,2.23,-1.501543472,0.73880353,0.0001599590931,0.0008682359838,1
100,2.23,-1.501543472,0.73880353,0.0001599590931,0.0008682359838,0
100,2.23,-1.501543472,0.73880353,0.0001599590931,0.0008682359838,2
100,2.23,-1.501543472,0.73880353,0.0001599590931,0.0008682359838,4
100,2.23,-1.501543472,0.73880353,0.0001599590931,0.0008682359838,3
100,2.24,-1.484899128,0.717894604,0.0001667064383,0.001181657386,0
100,2.24,-1.484899128,0.717894604,0.0001667064383,0.001181657386,1
100,2.24,-1.484899128,0.717894604,0.0001667064383,0.001181657386,2
100,2.24,-1.484899128,0.717894604,0.0001667064383,0.001181657386,3
100,2.24,-1.484899128,0.717894604,0.0001667064383,0.001181657386,4
100,2.24,-1.484899128,0.717894604,0.0001667064383,0.001181657386,0
100,2.24,-1.484899128,0.717894604,0.0001667064383,0.001181657386,1
100,2.24,-1.484899128,0.717894604,0.0001667064383,0.001181657386,2
100,2.24,-1.484899128,0.717894604,0.0001667064383,0.001181657386,3
100,2.24,-1.484899128,0.717894604,0.0001667064383,0.001181657386,4
100,2.242068966,-1.479816844,0.706508908,0.0001805980384,0.001923430994,1
100,2.242068966,-1.479816844,0.706508908,0.0001805980384,0.001923430994,0
100,2.242068966,-1.479816844,0.706508908,0.0001805980384,0.001923430994,2
100,2.242068966,-1.479816844,0.706508908,0.0001805980384,0.001923430994,3
100,2.242068966,-1.479816844,0.706508908,0.0001805980384,0.001923430994,4
100,2.244137931,-1.47274046,0.681710948,0.0002023681341,0.004677513322,0
100,2.244137931,-1.47274046,0.681710948,0.0002023681341,0.004677513322,1
100,2.244137931,-1.47274046,0.681710948,0.0002023681341,0.004677513322,2
100,2.244137931,-1.47274046,0.681710948,0.0002023681341,0.004677513322,3
100,2.244137931,-1.47274046,0.681710948,0.0002023681341,0.004677513322,4
100,2.246206897,-1.470421872,0.688892654,0.0001802868193,0.002007948092,1
100,2.246206897,-1.470421872,0.688892654,0.0001802868193,0.002007948092,0
100,2.246206897,-1.470421872,0.688892654,0.0001802868193,0.002007948092,2
100,2.246206897,-1.470421872,0.688892654,0.0001802868193,0.002007948092,3
100,2.246206897,-1.470421872,0.688892654,0.0001802868193,0.002007948092,4
100,2.248275862,-1.469773824,0.697729104,0.0001763393409,0.001499797496,0
100,2.248275862,-1.469773824,0.697729104,0.0001763393409,0.001499797496,1
100,2.248275862,-1.469773824,0.697729104,0.0001763393409,0.001499797496,2
100,2.248275862,-1.469773824,0.697729104,0.0001763393409,0.001499797496,3
100,2.248275862,-1.469773824,0.697729104,0.0001763393409,0.001499797496,4
100,2.250344828,-1.465725316,0.689551812,0.0001790742096,0.001640075604,1
100,2.250344828,-1.465725316,0.689551812,0.0001790742096,0.001640075604,2
100,2.250344828,-1.465725316,0.689551812,0.0001790742096,0.001640075604,0
100,2.250344828,-1.465725316,0.689551812,0.0001790742096,0.001640075604,3
100,2.250344828,-1.465725316,0.689551812,0.0001790742096,0.001640075604,4
100,2.252413793,-1.458014232,0.66112328,0.0002084737728,0.004463679882,0
100,2.252413793,-1.458014232,0.66112328,0.0002084737728,0.004463679882,1
100,2.252413793,-1.458014232,0.66112328,0.0002084737728,0.004463679882,2
100,2.252413793,-1.458014232,0.66112328,0.0002084737728,0.004463679882,3
100,2.252413793,-1.458014232,0.66112328,0.0002084737728,0.004463679882,4
100,2.254482759,-1.457099208,0.674204962,0.0001812162603,0.002102918937,2
100,2.254482759,-1.457099208,0.674204962,0.0001812162603,0.002102918937,1
100,2.254482759,-1.457099208,0.674204962,0.0001812162603,0.002102918937,0
100,2.254482759,-1.457099208,0.674204962,0.0001812162603,0.002102918937,3
100,2.254482759,-1.457099208,0.674204962,0.0001812162603,0.002102918937,4
100,2.256551724,-1.442395004,0.584085182,0.000251429283,0.01509192548,0
100,2.256551724,-1.442395004,0.584085182,0.000251429283,0.01509192548,1
100,2.256551724,-1.442395004,0.584085182,0.000251429283,0.01509192548,2
100,2.256551724,-1.442395004,0.584085182,0.000251429283,0.01509192548,3
100,2.256551724,-1.442395004,0.584085182,0.000251429283,0.01509192548,4
100,2.25862069,-1.443368824,0.628428082,0.000217197697,0.006080824889,0
100,2.25862069,-1.443368824,0.628428082,0.000217197697,0.006080824889,1
100,2.25862069,-1.443368824,0.628428082,0.000217197697,0.006080824889,2
100,2.25862069,-1.443368824,0.628428082,0.000217197697,0.006080824889,3
100,2.25862069,-1.443368824,0.628428082,0.000217197697,0.006080824889,4
100,2.260689655,-1.441438632,0.638091724,0.0001987727884,0.003590851171,0
100,2.260689655,-1.441438632,0.638091724,0.0001987727884,0.003590851171,1
100,2.260689655,-1.441438632,0.638091724,0.0001987727884,0.003590851171,2
100,2.260689655,-1.441438632,0.638091724,0.0001987727884,0.003590851171,3
100,2.260689655,-1.441438632,0.638091724,0.0001987727884,0.003590851171,4
100,2.262758621,-1.436420036,0.615455232,0.0002165780902,0.006117806851,2
100,2.262758621,-1.436420036,0.615455232,0.0002165780902,0.006117806851,1
100,2.262758621,-1.436420036,0.615455232,0.0002165780902,0.006117806851,0
100,2.262758621,-1.436420036,0.615455232,0.0002165780902,0.006117806851,3
100,2.262758621,-1.436420036,0.615455232,0.0002165780902,0.006117806851,4
100,2.264827586,-1.43599374,0.634432484,0.00020746346,0.004008840023,0
100,2.264827586,-1.43599374,0.634432484,0.00020746346,0.004008840023,1
100,2.264827586,-1.43599374,0.634432484,0.00020746346,0.004008840023,2
100,2.264827586,-1.43599374,0.634432484,0.00020746346,0.004008840023,3
100,2.264827586,-1.43599374,0.634432484,0.00020746346,0.004008840023,4
100,2.266896552,-1.41753734,0.505281796,0.0002724771196,0.02009122277,3
100,2.266896552,-1.41753734,0.505281796,0.0002724771196,0.02009122277,0
100,2.266896552,-1.41753734,0.505281796,0.0002724771196,0.02009122277,1
100,2.266896552,-1.41753734,0.505281796,0.0002724771196,0.02009122277,2
100,2.266896552,-1.41753734,0.505281796,0.0002724771196,0.02009122277,4
100,2.268965517,-1.423309428,0.589933252,0.0002297735448,0.007197388566,0
100,2.268965517,-1.423309428,0.589933252,0.0002297735448,0.007197388566,1
100,2.268965517,-1.423309428,0.589933252,0.0002297735448,0.007197388566,2
100,2.268965517,-1.423309428,0.589933252,0.0002297735448,0.007197388566,4
100,2.268965517,-1.423309428,0.589933252,0.0002297735448,0.007197388566,3
100,2.271034483,-1.416945772,0.570496354,0.0002355131813,0.008940740902,1
100,2.271034483,-1.416945772,0.570496354,0.0002355131813,0.008940740902,0
100,2.271034483,-1.416945772,0.570496354,0.0002355131813,0.008940740902,2
100,2.271034483,-1.416945772,0.570496354,0.0002355131813,0.008940740902,3
100,2.271034483,-1.416945772,0.570496354,0.0002355131813,0.008940740902,4
100,2.273103448,-1.412508144,0.549681326,0.0002427396325,0.01001910753,0
100,2.273103448,-1.412508144,0.549681326,0.0002427396325,0.01001910753,1
100,2.273103448,-1.412508144,0.549681326,0.0002427396325,0.01001910753,2
100,2.273103448,-1.412508144,0.549681326,0.0002427396325,0.01001910753,3
100,2.273103448,-1.412508144,0.549681326,0.0002427396325,0.01001910753,4
100,2.275172414,-1.40464088,0.522799048,0.0002268801652,0.01130185984,1
100,2.275172414,-1.40464088,0.522799048,0.0002268801652,0.01130185984,0
100,2.275172414,-1.40464088,0.522799048,0.0002268801652,0.01130185984,2
100,2.275172414,-1.40464088,0.522799048,0.0002268801652,0.01130185984,3
100,2.275172414,-1.40464088,0.522799048,0.0002268801652,0.01130185984,4
100,2.277241379,-1.401180024,0.510360828,0.000246234216,0.01198913804,0
100,2.277241379,-1.401180024,0.510360828,0.000246234216,0.01198913804,1
100,2.277241379,-1.401180024,0.510360828,0.000246234216,0.01198913804,2
100,2.277241379,-1.401180024,0.510360828,0.000246234216,0.01198913804,3
100,2.277241379,-1.401180024,0.510360828,0.000246234216,0.01198913804,4
100,2.279310345,-1.390038608,0.441301978,0.0002479924925,0.01626628134,0
100,2.279310345,-1.390038608,0.441301978,0.0002479924925,0.01626628134,1
100,2.279310345,-1.390038608,0.441301978,0.0002479924925,0.01626628134,3
100,2.279310345,-1.390038608,0.441301978,0.0002479924925,0.01626628134,2
100,2.279310345,-1.390038608,0.441301978,0.0002479924925,0.01626628134,4
100,2.28137931,-1.39393598,0.500060768,0.0002373216121,0.01212073725,0
100,2.28137931,-1.39393598,0.500060768,0.0002373216121,0.01212073725,1
100,2.28137931,-1.39393598,0.500060768,0.0002373216121,0.01212073725,2
100,2.28137931,-1.39393598,0.500060768,0.0002373216121,0.01212073725,3
100,2.28137931,-1.39393598,0.500060768,0.0002373216121,0.01212073725,4
100,2.283448276,-1.386269472,0.44577685,0.0002333303433,0.01655977989,0
100,2.283448276,-1.386269472,0.44577685,0.0002333303433,0.01655977989,1
100,2.283448276,-1.386269472,0.44577685,0.0002333303433,0.01655977989,2
100,2.283448276,-1.386269472,0.44577685,0.0002333303433,0.01655977989,3
100,2.283448276,-1.386269472,0.44577685,0.0002333303433,0.01655977989,4
100,2.285517241,-1.38463,0.4606109,0.0002469210309,0.01517240158,0
100,2.285517241,-1.38463,0.4606109,0.0002469210309,0.01517240158,1
100,2.285517241,-1.38463,0.4606109,0.0002469210309,0.01517240158,2
100,2.285517241,-1.38463,0.4606109,0.0002469210309,0.01517240158,3
100,2.285517241,-1.38463,0.4606109,0.0002469210309,0.01517240158,4
100,2.287586207,-1.37535134,0.420869286,0.0002249411506,0.01412795685,0
100,2.287586207,-1.37535134,0.420869286,0.0002249411506,0.01412795685,1
100,2.287586207,-1.37535134,0.420869286,0.0002249411506,0.01412795685,2
100,2.287586207,-1.37535134,0.420869286,0.0002249411506,0.01412795685,3
100,2.287586207,-1.37535134,0.420869286,0.0002249411506,0.01412795685,4
100,2.289655172,-1.376212908,0.465547018,0.0002276473491,0.01026207302,0
100,2.289655172,-1.376212908,0.465547018,0.0002276473491,0.01026207302,1
100,2.289655172,-1.376212908,0.465547018,0.0002276473491,0.01026207302,2
100,2.289655172,-1.376212908,0.465547018,0.0002276473491,0.01026207302,3
100,2.289655172,-1.376212908,0.465547018,0.0002276473491,0.01026207302,4
100,2.291724138,-1.372713764,0.432834282,0.0002442502921,0.01541648988,0
100,2.291724138,-1.372713764,0.432834282,0.0002442502921,0.01541648988,2
100,2.291724138,-1.372713764,0.432834282,0.0002442502921,0.01541648988,3
100,2.291724138,-1.372713764,0.432834282,0.0002442502921,0.01541648988,1
100,2.291724138,-1.372713764,0.432834282,0.0002442502921,0.01541648988,4
100,2.293793103,-1.35920738,0.363021018,0.000209431342,0.01196373732,0
100,2.293793103,-1.35920738,0.363021018,0.000209431342,0.01196373732,1
100,2.293793103,-1.35920738,0.363021018,0.000209431342,0.01196373732,2
100,2.293793103,-1.35920738,0.363021018,0.000209431342,0.01196373732,3
100,2.293793103,-1.35920738,0.363021018,0.000209431342,0.01196373732,4
100,2.295862069,-1.355738624,0.360727298,0.0002189708991,0.01423393796,0
100,2.295862069,-1.355738624,0.360727298,0.0002189708991,0.01423393796,1
100,2.295862069,-1.355738624,0.360727298,0.0002189708991,0.01423393796,2
100,2.295862069,-1.355738624,0.360727298,0.0002189708991,0.01423393796,3
100,2.295862069,-1.355738624,0.360727298,0.0002189708991,0.01423393796,4
100,2.297931034,-1.354729296,0.36722524,0.0002252606747,0.0145621315,0
100,2.297931034,-1.354729296,0.36722524,0.0002252606747,0.0145621315,1
100,2.297931034,-1.354729296,0.36722524,0.0002252606747,0.0145621315,2
100,2.297931034,-1.354729296,0.36722524,0.0002252606747,0.0145621315,3
100,2.297931034,-1.354729296,0.36722524,0.0002252606747,0.0145621315,4
100,2.3,-1.349761732,0.342615328,0.0002352596218,0.01675370406,0
100,2.3,-1.349761732,0.342615328,0.0002352596218,0.01675370406,2
100,2.3,-1.349761732,0.342615328,0.0002352596218,0.01675370406,1
100,2.3,-1.349761732,0.342615328,0.0002352596218,0.01675370406,3
100,2.3,-1.349761732,0.342615328,0.0002352596218,0.01675370406,4
100,2.3,-1.349761732,0.342615328,0.0002352596218,0.01675370406,0
100,2.3,-1.349761732,0.342615328,0.0002352596218,0.01675370406,1
100,2.3,-1.349761732,0.342615328,0.0002352596218,0.01675370406,2
100,2.3,-1.349761732,0.342615328,0.0002352596218,0.01675370406,3
100,2.3,-1.349761732,0.342615328,0.0002352596218,0.01675370406,4
100,2.307142857,-1.335550944,0.30658987,0.0001932995874,0.01295167693,0
100,2.307142857,-1.335550944,0.30658987,0.0001932995874,0.01295167693,1
100,2.307142857,-1.335550944,0.30658987,0.0001932995874,0.01295167693,2
100,2.307142857,-1.335550944,0.30658987,0.0001932995874,0.01295167693,4
100,2.307142857,-1.335550944,0.30658987,0.0001932995874,0.01295167693,3
100,2.314285714,-1.318178836,0.232849698,0.0001705235359,0.01002241919,0
100,2.314285714,-1.318178836,0.232849698,0.0001705235359,0.01002241919,1
100,2.314285714,-1.318178836,0.232849698,0.0001705235359,0.01002241919,3
100,2.314285714,-1.318178836,0.232849698,0.0001705235359,0.01002241919,2
100,2.314285714,-1.318178836,0.232849698,0.0001705235359,0.01002241919,4
100,2.321428571,-1.306032012,0.211767754,0.0001643464338,0.008814910452,0
100,2.321428571,-1.306032012,0.211767754,0.0001643464338,0.008814910452,1
100,2.321428571,-1.306032012,0.211767754,0.0001643464338,0.008814910452,2
100,2.321428571,-1.306032012,0.211767754,0.0001643464338,0.008814910452,3
100,2.321428571,-1.306032012,0.211767754,0.0001643464338,0.008814910452,4
100,2.328571429,-1.297305196,0.1907048,0.0001567573298,0.008817241463,0
100,2.328571429,-1.297305196,0.1907048,0.0001567573298,0.008817241463,1
100,2.328571429,-1.297305196,0.1907048,0.0001567573298,0.008817241463,2
100,2.328571429,-1.297305196,0.1907048,0.0001567573298,0.008817241463,3
100,2.328571429,-1.297305196,0.1907048,0.0001567573298,0.008817241463,4
100,2.335714286,-1.288041112,0.20249801,0.0001425138428,0.00715093439,0
100,2.335714286,-1.288041112,0.20249801,0.0001425138428,0.00715093439,1
100,2.335714286,-1.288041112,0.20249801,0.0001425138428,0.00715093439,2
100,2.335714286,-1.288041112,0.20249801,0.0001425138428,0.00715093439,3
100,2.335714286,-1.288041112,0.20249801,0.0001425138428,0.00715093439,4
100,2.342857143,-1.275553468,0.160054106,0.0001342239627,0.005078042337,0
100,2.342857143,-1.275553468,0.160054106,0.0001342239627,0.005078042337,1
100,2.342857143,-1.275553468,0.160054106,0.0001342239627,0.005078042337,2
100,2.342857143,-1.275553468,0.160054106,0.0001342239627,0.005078042337,3
100,2.342857143,-1.275553468,0.160054106,0.0001342239627,0.005078042337,4
100,2.35,-1.264233696,0.136722366,0.0001336371925,0.004742053998,0
100,2.35,-1.264233696,0.136722366,0.0001336371925,0.004742053998,1
100,2.35,-1.264233696,0.136722366,0.0001336371925,0.004742053998,2
100,2.35,-1.264233696,0.136722366,0.0001336371925,0.004742053998,4
100,2.35,-1.264233696,0.136722366,0.0001336371925,0.004742053998,3
100,2.357142857,-1.256661868,0.138534482,0.0001303345547,0.003864974348,0
100,2.357142857,-1.256661868,0.138534482,0.0001303345547,0.003864974348,1
100,2.357142857,-1.256661868,0.138534482,0.0001303345547,0.003864974348,2
100,2.357142857,-1.256661868,0.138534482,0.0001303345547,0.003864974348,3
100,2.357142857,-1.256661868,0.138534482,0.0001303345547,0.003864974348,4
100,2.364285714,-1.247386684,0.146294536,0.0001268789366,0.004478614861,0
100,2.364285714,-1.247386684,0.146294536,0.0001268789366,0.004478614861,1
100,2.364285714,-1.247386684,0.146294536,0.0001268789366,0.004478614861,2
100,2.364285714,-1.247386684,0.146294536,0.0001268789366,0.004478614861,4
100,2.364285714,-1.247386684,0.146294536,0.0001268789366,0.004478614861,3
100,2.371428571,-1.237030192,0.123919066,0.000126937493,0.003644129176,0
100,2.371428571,-1.237030192,0.123919066,0.000126937493,0.003644129176,1
100,2.371428571,-1.237030192,0.123919066,0.000126937493,0.003644129176,2
100,2.371428571,-1.237030192,0.123919066,0.000126937493,0.003644129176,4
100,2.371428571,-1.237030192,0.123919066,0.000126937493,0.003644129176,3
100,2.378571429,-1.228173552,0.115043038,0.0001231165118,0.002957239027,0
100,2.378571429,-1.228173552,0.115043038,0.0001231165118,0.002957239027,1
100,2.378571429,-1.228173552,0.115043038,0.0001231165118,0.002957239027,2
100,2.378571429,-1.228173552,0.115043038,0.0001231165118,0.002957239027,4
100,2.378571429,-1.228173552,0.115043038,0.0001231165118,0.002957239027,3
100,2.385714286,-1.220164408,0.115096614,0.000117139362,0.002959446507,0
100,2.385714286,-1.220164408,0.115096614,0.000117139362,0.002959446507,1
100,2.385714286,-1.220164408,0.115096614,0.000117139362,0.002959446507,2
100,2.385714286,-1.220164408,0.115096614,0.000117139362,0.002959446507,3
100,2.385714286,-1.220164408,0.115096614,0.000117139362,0.002959446507,4
100,2.392857143,-1.212083808,0.09989222,0.000112049961,0.00234247224,0
100,2.392857143,-1.212083808,0.09989222,0.000112049961,0.00234247224,1
100,2.392857143,-1.212083808,0.09989222,0.000112049961,0.00234247224,2
100,2.392857143,-1.212083808,0.09989222,0.000112049961,0.00234247224,3
100,2.392857143,-1.212083808,0.09989222,0.000112049961,0.00234247224,4
100,2.4,-1.205108468,0.116473566,0.000113097159,0.003052478709,0
100,2.4,-1.205108468,0.116473566,0.000113097159,0.003052478709,1
100,2.4,-1.205108468,0.116473566,0.000113097159,0.003052478709,2
100,2.4,-1.205108468,0.116473566,0.000113097159,0.003052478709,3
100,2.4,-1.205108468,0.116473566,0.000113097159,0.003052478709,4
